Collision Id,Report Number,Report Version,Is Preliminary,NCIC Code,Crash Date Time,Crash Time Description,Beat,City Id,City Code,City Name,County Code,City Is Active,City Is Incorporated,Collision Type Code,Collision Type Description,Collision Type Other Desc,Day Of Week,DispatchNotified,HasPhotographs,HitRun,IsAttachmentsMailed,IsDeleted,IsHighwayRelated,IsTowAway,JudicialDistrict,MotorVehicleInvolvedWithCode,MotorVehicleInvolvedWithDesc,MotorVehicleInvolvedWithOtherDesc,NumberInjured,NumberKilled,Weather 1,Weather 2,Road Condition 1,Road Condition 2,Special Condition,LightingCode,LightingDescription,Latitude,Longitude,MilepostDirection,MilepostDistance,MilepostMarker,MilepostUnitOfMeasure,PedestrianActionCode,PedestrianActionDesc,PreparedDate,Primary Collision Factor Code,Primary Collision Factor Violation,PrimaryCollisionFactorIsCited,PrimaryCollisionPartyNumber,PrimaryRoad,ReportingDistrict,ReportingDistrictCode,ReviewedDate,RoadwaySurfaceCode,SecondaryDirection,SecondaryDistance,SecondaryRoad,SecondaryUnitOfMeasure,SketchDesc,TrafficControlDeviceCode,CreatedDate,ModifiedDate,IsCountyRoad,IsFreeway,CHP555Version,IsAdditonalObjectStruck,NotificationDate,NotificationTimeDescription,HasDigitalMediaFiles,EvidenceNumber,IsLocationReferToNarrative,IsAOIOneSameAsLocation
2615681,220074546,2,False,3801,2/2/2022 8:13:00 PM,2013,3C15D,1227,3801,San Francisco,38,True,True,A,HEAD-ON,,Wednesday,,,F,,False,False,False,,B,PEDESTRIAN,,1,0,CLEAR,,NO UNUSUAL CONDITIONS - NO UNUSUAL CONDITIONS,,,C,DARK-STREET LIGHTS,,,,,,,B,CROSSING IN CROSS WALK AT INTERSECTION,,A,21950A,,1,KEITH ST,BAYVI,,,A,,,VAN DYKE AV,,,A,7/25/2024 7:21:59 PM,1/28/2025 3:53:03 PM,,,2,,,,,,,
2615677,220094958,2,False,3801,2/11/2022 10:33:00 AM,1033,C5,1227,3801,San Francisco,38,True,True,G,VEHICLE/PEDESTRAIN,,Friday,,,,,False,False,False,,B,PEDESTRIAN,,1,0,CLEAR,,REDUCED ROADWAY WIDTH - REDUCED ROADWAY WIDTH,,,A,DAYLIGHT,,,,,,,D,CROSSING - NOT IN CROSSWALK,,A,21954,,1,EGBERT AV,BAYVI,,,A,W,292,JENNINGS ST,F,,D,7/25/2024 7:21:59 PM,1/28/2025 3:53:03 PM,,,2,,,,,,,
2615641,220045246,2,False,3801,1/21/2022 8:42:00 AM,0842,4B1F,1227,3801,San Francisco,38,True,True,G,VEHICLE/PEDESTRAIN,,Friday,,,,,False,False,False,,B,PEDESTRIAN,,1,0,CLEAR,,NO UNUSUAL CONDITIONS - NO UNUSUAL CONDITIONS,,,A,DAYLIGHT,,,,,,,B,CROSSING IN CROSS WALK AT INTERSECTION,,A,21950A,,1,DEHARO ST,TRAFF,,,A,N,26,16TH ST,F,,A,7/25/2024 7:21:57 PM,1/28/2025 3:53:00 PM,,,2,,,,,,,
2610208,220008250,2,False,3801,1/4/2022 9:48:00 PM,2148,4,1227,3801,San Francisco,38,True,True,G,VEHICLE/PEDESTRAIN,,Tuesday,,,F,,False,False,False,,B,PEDESTRIAN,,1,0,CLEAR,RAINING,NO UNUSUAL CONDITIONS - NO UNUSUAL CONDITIONS,,,C,DARK-STREET LIGHTS,,,,,,,B,CROSSING IN CROSS WALK AT INTERSECTION,,A,21456C,,1,9TH ST,SOUTH,,,A,,,MISSION ST,,,A,7/25/2024 7:16:27 PM,1/28/2025 3:46:51 PM,,,2,,,,,,,
2610203,220001840,2,False,3801,1/1/2022 9:21:00 PM,2121,3A13E,1227,3801,San Francisco,38,True,True,G,VEHICLE/PEDESTRAIN,,Saturday,,,F,,False,False,False,,B,PEDESTRIAN,,1,0,CLEAR,,NO UNUSUAL CONDITIONS - NO UNUSUAL CONDITIONS,,,C,DARK-STREET LIGHTS,,,,,,,B,CROSSING IN CROSS WALK AT INTERSECTION,,A,21950A,,1,UNION ST,CENTR,,,A,,,POWELL ST,,,A,7/25/2024 7:16:27 PM,1/28/2025 3:46:51 PM,,,2,,,,,,,
2610195,220023098,2,False,3801,1/11/2022 3:28:00 PM,1528,3E14D,1227,3801,San Francisco,38,True,True,G,VEHICLE/PEDESTRAIN,,Tuesday,,,,,False,False,False,,B,PEDESTRIAN,,1,0,CLEAR,,NO UNUSUAL CONDITIONS - NO UNUSUAL CONDITIONS,,,A,DAYLIGHT,,,,,,,B,CROSSING IN CROSS WALK AT INTERSECTION,,A,21950A,,1,WASHINGTON ST,NORTH,,,A,S,3,WEBSTER ST,F,,A,7/25/2024 7:16:26 PM,1/28/2025 3:46:51 PM,,,2,,,,,,,
2610087,220069462,2,False,3801,1/31/2022 6:59:00 PM,1859,,1227,3801,San Francisco,38,True,True,D,BROADSIDE,,Monday,,,,,False,False,False,,B,PEDESTRIAN,,1,0,CLEAR,,NO UNUSUAL CONDITIONS - NO UNUSUAL CONDITIONS,,,C,DARK-STREET LIGHTS,,,,,,,B,CROSSING IN CROSS WALK AT INTERSECTION,,A,21950,,1,STEINER ST,NORTH,,,A,S,6,PACIFIC ST,F,,,7/25/2024 7:16:20 PM,1/28/2025 3:46:43 PM,,,2,,,,,,,
2629839,220159364,2,False,3801,3/10/2022 10:10:00 AM,1010,3D41A,1227,3801,San Francisco,38,True,True,A,HEAD-ON,,Thursday,,,,,False,False,False,,B,PEDESTRIAN,,0,0,CLEAR,,NO UNUSUAL CONDITIONS - NO UNUSUAL CONDITIONS,,,A,DAYLIGHT,,,,,,,D,CROSSING - NOT IN CROSSWALK,,A,21955,,1,18TH ST,MISSI,,,A,,,OAKWOOK ST,,,A,7/25/2024 7:40:31 PM,1/28/2025 4:08:42 PM,,,2,,,,,,,
2629835,220166698,2,False,3801,3/13/2022 12:39:00 PM,1239,3H13C,1227,3801,San Francisco,38,True,True,G,VEHICLE/PEDESTRAIN,,Sunday,,,F,,False,False,False,,B,PEDESTRIAN,,1,0,CLEAR,,NO UNUSUAL CONDITIONS - NO UNUSUAL CONDITIONS,,,A,DAYLIGHT,,,,,,,B,CROSSING IN CROSS WALK AT INTERSECTION,,A,21453A,,1,MISSION ST,INGLE,,,A,,,HIGHLAND AV,,,A,7/25/2024 7:40:31 PM,1/28/2025 4:08:42 PM,,,2,,,,,,,
2629114,220160703,2,False,3801,3/10/2022 6:55:00 PM,1855,3I13D,1227,3801,San Francisco,38,True,True,G,VEHICLE/PEDESTRAIN,,Thursday,,,,,False,False,False,,B,PEDESTRIAN,,1,0,CLEAR,,NO UNUSUAL CONDITIONS - NO UNUSUAL CONDITIONS,,,C,DARK-STREET LIGHTS,,,,,,,B,CROSSING IN CROSS WALK AT INTERSECTION,,A,21950A,,1,20TH AV,TARAV,,,A,,,PACHECO ST,,,A,7/25/2024 7:39:34 PM,1/28/2025 4:07:56 PM,,,2,,,,,,,
2629113,220145909,2,False,3801,3/4/2022 5:05:00 PM,1705,901,1227,3801,San Francisco,38,True,True,G,VEHICLE/PEDESTRAIN,,Friday,,,,,False,False,False,,B,PEDESTRIAN,,1,0,CLEAR,,NO UNUSUAL CONDITIONS - NO UNUSUAL CONDITIONS,,,B,DUSK-DAWN,,,,,,,B,CROSSING IN CROSS WALK AT INTERSECTION,,A,21950A,,1,CABRILLO ST,RICHM,,,A,,,14TH AV,,,D,7/25/2024 7:39:34 PM,1/28/2025 4:07:56 PM,,,2,,,,,,,
2629097,220184797,2,False,3801,3/21/2022 9:56:00 AM,0956,3,1227,3801,San Francisco,38,True,True,G,VEHICLE/PEDESTRAIN,,Monday,,,F,,False,False,False,,B,PEDESTRIAN,,1,0,CLEAR,,NO UNUSUAL CONDITIONS - NO UNUSUAL CONDITIONS,,,A,DAYLIGHT,,,,,,,B,CROSSING IN CROSS WALK AT INTERSECTION,,A,21950A,,2,GROVE ST,PARK,,,A,,,BORDERICK ST,,,,7/25/2024 7:39:32 PM,1/28/2025 4:07:55 PM,,,2,,,,,,,
2629095,220176681,2,False,3801,3/17/2022 2:40:00 PM,1440,COI6C,1227,3801,San Francisco,38,True,True,G,VEHICLE/PEDESTRAIN,,Thursday,,,,,False,False,False,,B,PEDESTRIAN,,1,0,CLEAR,,NO UNUSUAL CONDITIONS - NO UNUSUAL CONDITIONS,,,A,DAYLIGHT,,,,,,,D,CROSSING - NOT IN CROSSWALK,,A,21955,,1,OCEAN AV,TARAV,,,A,,,LEE AV,,,A,7/25/2024 7:39:32 PM,1/28/2025 4:07:55 PM,,,2,,,,,,,
2629087,220192063,2,False,3801,3/23/2022 8:27:00 PM,2027,,1227,3801,San Francisco,38,True,True,D,BROADSIDE,,Wednesday,,,,,False,False,False,,B,PEDESTRIAN,,1,0,CLEAR,,NO UNUSUAL CONDITIONS - NO UNUSUAL CONDITIONS,,,C,DARK-STREET LIGHTS,,,,,,,B,CROSSING IN CROSS WALK AT INTERSECTION,,A,21453D,,1,19TH AV,TARAV,,,A,,,JUDAH ST,,,A,7/25/2024 7:39:32 PM,1/28/2025 4:07:54 PM,,,2,,,,,,,
2629085,220187337,2,False,3801,3/22/2022 8:13:00 AM,0813,G4,1227,3801,San Francisco,38,True,True,B,SIDE SWIPE,,Tuesday,,,,,False,False,False,,B,PEDESTRIAN,,1,0,CLEAR,,NO UNUSUAL CONDITIONS - NO UNUSUAL CONDITIONS,,,A,DAYLIGHT,,,,,,,B,CROSSING IN CROSS WALK AT INTERSECTION,,A,21950A,,1,CALIFORNIA ST,RICHM,,,A,E,5,22ND AV,F,,A,7/25/2024 7:39:31 PM,1/28/2025 4:07:54 PM,,,2,,,,,,,
2629081,220173201,2,False,3801,3/16/2022 7:05:00 AM,0705,3B14A,1227,3801,San Francisco,38,True,True,H,OTHER,,Wednesday,,,,,False,False,False,,H,ANIMAL,,1,0,CLEAR,,NO UNUSUAL CONDITIONS - NO UNUSUAL CONDITIONS,,,A,DAYLIGHT,,,,,,,C,CROSSING IN CROSS WALK - NOT AT INTERSECTION,,A,21453D,,1,MISSION ST,SOUTH,,,A,W,59,LAFAYETTE ST,F,,A,7/25/2024 7:39:31 PM,1/28/2025 4:07:53 PM,,,2,,,,,,,
2629079,220175724,2,False,3801,3/17/2022 8:28:00 AM,0828,4,1227,3801,San Francisco,38,True,True,,,,Thursday,,,,,False,False,False,,B,PEDESTRIAN,,1,0,CLOUDY,,NO UNUSUAL CONDITIONS - NO UNUSUAL CONDITIONS,,,A,DAYLIGHT,,,,,,,B,CROSSING IN CROSS WALK AT INTERSECTION,,A,21950A,,1,TAYLOR ST,CENTR,,,A,,,BEACH ST,,,A,7/25/2024 7:39:31 PM,1/28/2025 4:07:53 PM,,,2,,,,,,,
2629077,220173875,2,False,3801,3/16/2022 12:34:00 PM,1234,,1227,3801,San Francisco,38,True,True,A,HEAD-ON,,Wednesday,,,F,,False,False,False,,B,PEDESTRIAN,,1,0,CLEAR,,NO UNUSUAL CONDITIONS - NO UNUSUAL CONDITIONS,,,A,DAYLIGHT,,,,,,,F,NOT IN ROAD,,A,,,1,POWELL ST,CENTR,,,A,N,52,PACIFIC AV,F,,A,7/25/2024 7:39:31 PM,1/28/2025 4:07:53 PM,,,2,,,,,,,
2629075,220170843,2,False,3801,3/15/2022 8:05:00 AM,0805,3801,1227,3801,San Francisco,38,True,True,G,VEHICLE/PEDESTRAIN,,Tuesday,,,F,,False,False,False,,B,PEDESTRIAN,,1,0,CLOUDY,RAINING,NO UNUSUAL CONDITIONS - NO UNUSUAL CONDITIONS,,,A,DAYLIGHT,,,,,,,B,CROSSING IN CROSS WALK AT INTERSECTION,,A,21950A,,1,NAPOLEON ST,BAYVI,,,B,,,EVANS AV,,,A,7/25/2024 7:39:31 PM,1/28/2025 4:07:53 PM,,,2,,,,,,,
2629067,220189151,2,False,3801,3/22/2022 7:03:00 PM,1903,15,1227,3801,San Francisco,38,True,True,G,VEHICLE/PEDESTRAIN,,Tuesday,,,,,False,False,False,,B,PEDESTRIAN,,1,0,CLEAR,,NO UNUSUAL CONDITIONS - NO UNUSUAL CONDITIONS,,,B,DUSK-DAWN,,,,,,,B,CROSSING IN CROSS WALK AT INTERSECTION,,A,21950A,,1,JUNIPERO SERRA BL,TARAV,,,A,,,WINSTON DR,,,A,7/25/2024 7:39:30 PM,1/28/2025 4:07:52 PM,,,2,,,,,,,
2626996,220141286,2,False,3801,3/2/2022 8:34:00 PM,2034,3D14D,1227,3801,San Francisco,38,True,True,D,BROADSIDE,,Wednesday,,,F,,False,False,False,,B,PEDESTRIAN,,1,0,CLEAR,,NO UNUSUAL CONDITIONS - NO UNUSUAL CONDITIONS,,,C,DARK-STREET LIGHTS,,,,,,,B,CROSSING IN CROSS WALK AT INTERSECTION,,A,21950A,,1,POTRERO AV,MISSI,,,A,,,24TH ST,,,A,7/25/2024 7:36:22 PM,1/28/2025 4:05:41 PM,,,2,,,,,,,
2626990,220141082,2,False,3801,3/2/2022 6:30:00 PM,1830,,1227,3801,San Francisco,38,True,True,G,VEHICLE/PEDESTRAIN,,Wednesday,,,,,False,False,False,,B,PEDESTRIAN,,1,0,CLEAR,,NO UNUSUAL CONDITIONS - NO UNUSUAL CONDITIONS,,,D,DARK-NO STREET LIGHTS,,,,,,,B,CROSSING IN CROSS WALK AT INTERSECTION,,A,21950A,,1,DIAMOND ST,MISSI,,,A,,,MARKET ST,,,A,7/25/2024 7:36:22 PM,1/28/2025 4:05:40 PM,,,2,,,,,,,
2626989,220150550,2,False,3801,3/6/2022 6:05:00 PM,1805,3D15D,1227,3801,San Francisco,38,True,True,G,VEHICLE/PEDESTRAIN,,Sunday,,,F,,False,False,False,,B,PEDESTRIAN,,1,0,CLEAR,,NO UNUSUAL CONDITIONS - NO UNUSUAL CONDITIONS,,,A,DAYLIGHT,,,,,,,D,CROSSING - NOT IN CROSSWALK,,A,21955,,1,16TH ST,MISSI,,,A,E,28,WIESE ST,F,,D,7/25/2024 7:36:22 PM,1/28/2025 4:05:40 PM,,,2,,,,,,,
2626976,220206799,2,False,3801,3/29/2022 11:30:00 PM,2330,3C15E,1227,3801,San Francisco,38,True,True,G,VEHICLE/PEDESTRAIN,,Tuesday,,,,,False,False,False,,B,PEDESTRIAN,,1,0,CLEAR,,NO UNUSUAL CONDITIONS - NO UNUSUAL CONDITIONS,,,C,DARK-STREET LIGHTS,,,,,,,B,CROSSING IN CROSS WALK AT INTERSECTION,,A,21950A,,1,SILLIMAN ST,BAYVI,,,A,,,SOMERSET ST,,,A,7/25/2024 7:36:21 PM,1/28/2025 4:05:39 PM,,,2,,,,,,,
2626973,220206749,2,False,3801,3/29/2022 10:28:00 PM,2228,3H11E,1227,3801,San Francisco,38,True,True,G,VEHICLE/PEDESTRAIN,,Tuesday,,,,,False,False,False,,B,PEDESTRIAN,,1,0,CLEAR,,NO UNUSUAL CONDITIONS - NO UNUSUAL CONDITIONS,,,C,DARK-STREET LIGHTS,,,,,,,D,CROSSING - NOT IN CROSSWALK,,A,21955,,1,FOLSOM ST,INGLE,,,A,S,83,CESAR CHAVEZ,F,,D,7/25/2024 7:36:20 PM,1/28/2025 4:05:39 PM,,,2,,,,,,,
2626971,220203905,2,False,3801,3/28/2022 8:23:00 PM,2023,B4,1227,3801,San Francisco,38,True,True,G,VEHICLE/PEDESTRAIN,,Monday,,,,,False,False,False,,B,PEDESTRIAN,,1,0,CLEAR,,NO UNUSUAL CONDITIONS - NO UNUSUAL CONDITIONS,,,C,DARK-STREET LIGHTS,,,,,,,B,CROSSING IN CROSS WALK AT INTERSECTION,,A,21453D,,1,MISSION ST,SOUTH,,,A,,,9TH ST,,,A,7/25/2024 7:36:20 PM,1/28/2025 4:05:39 PM,,,2,,,,,,,
2626970,220199257,2,False,3801,3/26/2022 6:42:00 PM,1842,3A15E,1227,3801,San Francisco,38,True,True,G,VEHICLE/PEDESTRAIN,,Saturday,,,,,False,False,False,,B,PEDESTRIAN,,1,0,CLEAR,,NO UNUSUAL CONDITIONS - NO UNUSUAL CONDITIONS,,,A,DAYLIGHT,,,,,,,D,CROSSING - NOT IN CROSSWALK,,A,22106,,1,CALIFORNIA ST,CENTR,,,A,,,BATTERY ST,,,D,7/25/2024 7:36:20 PM,1/28/2025 4:05:39 PM,,,2,,,,,,,
2626963,220145799,2,False,3801,3/4/2022 4:01:00 PM,1601,3G2,1227,3801,San Francisco,38,True,True,G,VEHICLE/PEDESTRAIN,,Friday,,,,,False,False,False,,B,PEDESTRIAN,,1,0,CLEAR,,NO UNUSUAL CONDITIONS - NO UNUSUAL CONDITIONS,,,A,DAYLIGHT,,,,,,,B,CROSSING IN CROSS WALK AT INTERSECTION,,A,21950A,,1,SPRUCE ST,RICHM,,,A,,,SACRAMENTO ST,,,A,7/25/2024 7:36:20 PM,1/28/2025 4:05:39 PM,,,2,,,,,,,
2626961,220143470,2,False,3801,3/3/2022 5:24:00 PM,1724,3I16D,1227,3801,San Francisco,38,True,True,G,VEHICLE/PEDESTRAIN,,Thursday,,,,,False,False,False,,B,PEDESTRIAN,,1,0,CLEAR,,NO UNUSUAL CONDITIONS - NO UNUSUAL CONDITIONS,,,A,DAYLIGHT,,,,,,,B,CROSSING IN CROSS WALK AT INTERSECTION,,A,21950A,,1,36TH AV,TARAV,,,A,,,SLOAT BL,,,A,7/25/2024 7:36:20 PM,1/28/2025 4:05:39 PM,,,2,,,,,,,
2626947,220135518,2,False,3801,2/28/2022 4:29:00 PM,1629,B3,1227,3801,San Francisco,38,True,True,G,VEHICLE/PEDESTRAIN,,Monday,,,M,,False,False,False,,B,PEDESTRIAN,,0,0,CLEAR,,NO UNUSUAL CONDITIONS - NO UNUSUAL CONDITIONS,,,A,DAYLIGHT,,,,,,,B,CROSSING IN CROSS WALK AT INTERSECTION,,A,21950A,,1,6TH ST,SOUTH,,,A,,,NATOMA ST,,,A,7/25/2024 7:36:19 PM,1/28/2025 4:05:38 PM,,,2,,,,,,,
2626924,220103872,2,False,3801,2/15/2022 8:41:00 AM,0841,2CAR,1227,3801,San Francisco,38,True,True,B,SIDE SWIPE,,Tuesday,,,,,False,False,False,,B,PEDESTRIAN,,1,0,CLEAR,,NO UNUSUAL CONDITIONS - NO UNUSUAL CONDITIONS,,,A,DAYLIGHT,,,,,,,B,CROSSING IN CROSS WALK AT INTERSECTION,,A,21950A,,1,BRYANT ST,SOUTH,,,A,,,4TH ST,,,A,7/25/2024 7:36:17 PM,1/28/2025 4:05:36 PM,,,2,,,,,,,
2626920,220134695,2,False,3801,2/28/2022 12:04:00 PM,1204,3A44C,1227,3801,San Francisco,38,True,True,G,VEHICLE/PEDESTRAIN,,Monday,,,,,False,False,False,,B,PEDESTRIAN,,1,0,CLEAR,,NO UNUSUAL CONDITIONS - NO UNUSUAL CONDITIONS,,,A,DAYLIGHT,,,,,,,B,CROSSING IN CROSS WALK AT INTERSECTION,,A,21950A,,1,PACIFIC AV,CENTR,,,A,,,GRANT AV,,,A,7/25/2024 7:36:17 PM,1/28/2025 4:05:36 PM,,,2,,,,,,,
2626919,220124975,2,False,3801,2/24/2022 7:25:00 AM,0725,3E14A,1227,3801,San Francisco,38,True,True,G,VEHICLE/PEDESTRAIN,,Thursday,,,,,False,False,False,,B,PEDESTRIAN,,2,0,CLEAR,,NO UNUSUAL CONDITIONS - NO UNUSUAL CONDITIONS,,,A,DAYLIGHT,,,,,,,B,CROSSING IN CROSS WALK AT INTERSECTION,,A,21950A,,1,BROADWAY,NORTH,,,A,,,DIVISADERO ST,,,D,7/25/2024 7:36:16 PM,1/28/2025 4:05:36 PM,,,2,,,,,,,
2626801,220146139,2,False,3801,3/4/2022 6:20:00 PM,1820,,1227,3801,San Francisco,38,True,True,B,SIDE SWIPE,,Friday,,,,,False,False,False,,B,PEDESTRIAN,,1,0,CLOUDY,WIND,NO UNUSUAL CONDITIONS - NO UNUSUAL CONDITIONS,,,C,DARK-STREET LIGHTS,,,,,,,E,IN ROAD - INCLUDES SHOULDER,,A,21950B,,1,GUERRERO ST,MISSI,,,A,N,213,20TH ST,F,,D,7/25/2024 7:36:08 PM,1/28/2025 4:05:28 PM,,,2,,,,,,,
2626357,220194661,2,False,3801,3/24/2022 7:30:00 PM,1930,3H13D,1227,3801,San Francisco,38,True,True,G,VEHICLE/PEDESTRAIN,,Thursday,,,,,False,False,False,,B,PEDESTRIAN,,1,0,CLEAR,,NO UNUSUAL CONDITIONS - NO UNUSUAL CONDITIONS,,,B,DUSK-DAWN,,,,,,,B,CROSSING IN CROSS WALK AT INTERSECTION,,A,21950A,,1,MONTEREY BL,INGLE,,,A,,,GENNESSEE ST,,,A,7/25/2024 7:35:34 PM,1/28/2025 4:04:57 PM,,,2,,,,,,,
2625455,220152976,2,False,3801,3/7/2022 5:49:00 PM,1749,3D15D,1227,3801,San Francisco,38,True,True,G,VEHICLE/PEDESTRAIN,,Monday,,,F,,False,False,True,,E,PARKED MOTOR VEHICLE,,2,0,,,NO UNUSUAL CONDITIONS - NO UNUSUAL CONDITIONS,,,A,DAYLIGHT,,,,,,,,,,A,22107,,1,20TH ST,MISSI,,,A,E,48,CHURCH ST,F,,D,7/25/2024 7:34:27 PM,1/28/2025 4:03:57 PM,,,3,,,,,,,
2625453,220171233,2,False,3801,3/15/2022 11:05:00 AM,1105,3D11A,1227,3801,San Francisco,38,True,True,G,VEHICLE/PEDESTRAIN,,Tuesday,,,,,False,False,False,,B,PEDESTRIAN,,1,0,CLEAR,,NO UNUSUAL CONDITIONS - NO UNUSUAL CONDITIONS,,,A,DAYLIGHT,,,,,,,B,CROSSING IN CROSS WALK AT INTERSECTION,,A,21950A,,1,CASTRO ST,MISSI,,,A,,,JERSEY ST,,,D,7/25/2024 7:34:27 PM,1/28/2025 4:03:57 PM,,,3,,,,,,,
2624566,220139623,2,False,3801,3/2/2022 11:09:00 AM,1109,5,1227,3801,San Francisco,38,True,True,G,VEHICLE/PEDESTRAIN,,Wednesday,,,,,False,False,False,,B,PEDESTRIAN,,1,0,CLEAR,,NO UNUSUAL CONDITIONS - NO UNUSUAL CONDITIONS,,,A,DAYLIGHT,,,,,,,D,CROSSING - NOT IN CROSSWALK,,A,22106,,1,LARKIN ST,TENDE,,,A,N,112,OFARRELL ST,F,,D,7/25/2024 7:33:18 PM,1/28/2025 4:03:00 PM,,,2,,,,,,,
2624564,220153736,2,False,3801,3/8/2022 7:23:00 AM,0723,3H11A,1227,3801,San Francisco,38,True,True,G,VEHICLE/PEDESTRAIN,,Tuesday,,,,,False,False,False,,B,PEDESTRIAN,,1,0,CLEAR,,NO UNUSUAL CONDITIONS - NO UNUSUAL CONDITIONS,,,A,DAYLIGHT,,,,,,,B,CROSSING IN CROSS WALK AT INTERSECTION,,A,21456C,,1,OCEAN AV,INGLE,,,A,,,GENEVA AV,,,A,7/25/2024 7:33:18 PM,1/28/2025 4:03:00 PM,,,2,,,,,,,
2624401,220210916,2,False,3801,3/31/2022 4:00:00 PM,1600,3H11D,1227,3801,San Francisco,38,True,True,B,SIDE SWIPE,,Thursday,,,,,False,False,False,,B,PEDESTRIAN,,1,0,CLEAR,,NO UNUSUAL CONDITIONS - NO UNUSUAL CONDITIONS,,,A,DAYLIGHT,,,,,,,E,IN ROAD - INCLUDES SHOULDER,,A,21950,,1,41 LEESE ST,INGLE,,,A,,,PARK ST,,,D,7/25/2024 7:33:07 PM,1/28/2025 4:02:50 PM,,,2,,,,,,,
2623941,220129232,2,False,3801,2/25/2022 5:28:00 PM,1728,3H11D,1227,3801,San Francisco,38,True,True,G,VEHICLE/PEDESTRAIN,,Friday,,,,,False,False,False,,B,PEDESTRIAN,,1,0,CLEAR,,NO UNUSUAL CONDITIONS - NO UNUSUAL CONDITIONS,,,B,DUSK-DAWN,,,,,,,B,CROSSING IN CROSS WALK AT INTERSECTION,,A,21950A,,1,OCEAN AV,INGLE,,,A,,,MISSION ST,,,A,7/25/2024 7:32:29 PM,1/28/2025 4:02:22 PM,,,2,,,,,,,
2623873,220128886,2,False,3801,2/25/2022 4:00:00 PM,1600,3C13D,1227,3801,San Francisco,38,True,True,G,VEHICLE/PEDESTRAIN,,Friday,,,F,,False,False,False,,B,PEDESTRIAN,,1,0,CLEAR,,NO UNUSUAL CONDITIONS - NO UNUSUAL CONDITIONS,,,A,DAYLIGHT,,,,,,,B,CROSSING IN CROSS WALK AT INTERSECTION,,A,21950A,,1,EVANS AV,BAYVI,,,A,,,NEWHALL ST,,,D,7/25/2024 7:32:23 PM,1/28/2025 4:02:17 PM,,,2,,,,,,,
2623871,220128648,2,False,3801,2/25/2022 2:25:00 PM,1425,3B5C,1227,3801,San Francisco,38,True,True,G,VEHICLE/PEDESTRAIN,,Friday,,,,,False,False,False,,B,PEDESTRIAN,,1,0,CLEAR,,NO UNUSUAL CONDITIONS - NO UNUSUAL CONDITIONS,,,A,DAYLIGHT,,,,,,,D,CROSSING - NOT IN CROSSWALK,,A,21955,,1,HOWARD ST,SOUTH,,,A,E,143,8TH ST,F,,D,7/25/2024 7:32:23 PM,1/28/2025 4:02:17 PM,,,2,,,,,,,
2623870,220135803,2,False,3801,2/28/2022 6:16:00 PM,1816,15,1227,3801,San Francisco,38,True,True,B,SIDE SWIPE,,Monday,,,,,False,False,False,,B,PEDESTRIAN,,1,0,,,NO UNUSUAL CONDITIONS - NO UNUSUAL CONDITIONS,,,C,DARK-STREET LIGHTS,,,,,,,D,CROSSING - NOT IN CROSSWALK,,A,21954A,,1,OCEAN AV,TARAV,,,A,,,SYLVAN DR,,,D,7/25/2024 7:32:23 PM,1/28/2025 4:02:17 PM,,,2,,,,,,,
2623867,220133186,2,False,3801,2/27/2022 4:47:00 PM,1647,3H13D,1227,3801,San Francisco,38,True,True,,,,Sunday,,,,,False,False,False,,B,PEDESTRIAN,,1,0,CLEAR,,NO UNUSUAL CONDITIONS - NO UNUSUAL CONDITIONS,,,A,DAYLIGHT,,,,,,,B,CROSSING IN CROSS WALK AT INTERSECTION,,A,21950A,,1,MISSION ST,INGLE,,,A,,,PRECITA AV,,,A,7/25/2024 7:32:23 PM,1/28/2025 4:02:17 PM,,,2,,,,,,,