Collision Id,Report Number,Report Version,Is Preliminary,NCIC Code,Crash Date Time,Crash Time Description,Beat,City Id,City Code,City Name,County Code,City Is Active,City Is Incorporated,Collision Type Code,Collision Type Description,Collision Type Other Desc,Day Of Week,DispatchNotified,HasPhotographs,HitRun,IsAttachmentsMailed,IsDeleted,IsHighwayRelated,IsTowAway,JudicialDistrict,MotorVehicleInvolvedWithCode,MotorVehicleInvolvedWithDesc,MotorVehicleInvolvedWithOtherDesc,NumberInjured,NumberKilled,Weather 1,Weather 2,Road Condition 1,Road Condition 2,Special Condition,LightingCode,LightingDescription,Latitude,Longitude,MilepostDirection,MilepostDistance,MilepostMarker,MilepostUnitOfMeasure,PedestrianActionCode,PedestrianActionDesc,PreparedDate,Primary Collision Factor Code,Primary Collision Factor Violation,PrimaryCollisionFactorIsCited,PrimaryCollisionPartyNumber,PrimaryRoad,ReportingDistrict,ReportingDistrictCode,ReviewedDate,RoadwaySurfaceCode,SecondaryDirection,SecondaryDistance,SecondaryRoad,SecondaryUnitOfMeasure,SketchDesc,TrafficControlDeviceCode,CreatedDate,ModifiedDate,IsCountyRoad,IsFreeway,CHP555Version,IsAdditonalObjectStruck,NotificationDate,NotificationTimeDescription,HasDigitalMediaFiles,EvidenceNumber,IsLocationReferToNarrative,IsAOIOneSameAsLocation
2689373,220638142,2,False,3801,9/18/2022 5:20:00 PM,1720,3D14D,1227,3801,San Francisco,38,True,True,A,HEAD-ON,,Sunday,,,,,False,False,False,,B,PEDESTRIAN,,1,0,CLOUDY,RAINING,NO UNUSUAL CONDITIONS - NO UNUSUAL CONDITIONS,,,A,DAYLIGHT,,,,,,,C,CROSSING IN CROSS WALK - NOT AT INTERSECTION,,A,21950A,,1,CAPP ST,MISSI,,,B,,,19TH ST,,,D,7/25/2024 10:34:06 PM,1/29/2025 8:47:56 AM,,,2,,,,,,,
2689372,220623240,2,False,3801,9/12/2022 6:54:00 PM,1854,3G13D,1227,3801,San Francisco,38,True,True,G,VEHICLE/PEDESTRAIN,,Monday,,,,,False,False,False,,B,PEDESTRIAN,,1,0,CLEAR,,NO UNUSUAL CONDITIONS - NO UNUSUAL CONDITIONS,,,A,DAYLIGHT,,,,,,,B,CROSSING IN CROSS WALK AT INTERSECTION,,A,21950A,,1,CALIFORNIA ST,RICHM,,,A,,,9TH AV,,,A,7/25/2024 10:34:06 PM,1/29/2025 8:47:56 AM,,,2,,,,,,,
2689356,220633700,2,False,3801,9/10/2022 12:00:00 AM,2500,3J4D,1227,3801,San Francisco,38,True,True,G,VEHICLE/PEDESTRAIN,,Saturday,,,F,,False,False,False,,,,,1,0,,,,,,C,DARK-STREET LIGHTS,,,,,,,B,CROSSING IN CROSS WALK AT INTERSECTION,,A,21950A,,1,MASON ST,TENDE,,,A,,,GEARY ST,,,A,7/25/2024 10:34:02 PM,1/29/2025 8:47:56 AM,,,2,,,,,,,
2689350,220611320,2,False,3801,9/8/2022 12:23:00 PM,1223,1CAR,1227,3801,San Francisco,38,True,True,G,VEHICLE/PEDESTRAIN,,Thursday,,,,,False,False,False,,B,PEDESTRIAN,,1,0,CLEAR,,NO UNUSUAL CONDITIONS - NO UNUSUAL CONDITIONS,,,A,DAYLIGHT,,,,,,,B,CROSSING IN CROSS WALK AT INTERSECTION,,A,21453D,,1,MARKET ST,MISSI,,,A,,,DOLORES ST,,,A,7/25/2024 10:34:01 PM,1/29/2025 8:47:55 AM,,,2,,,,,,,
2689345,220592861,2,False,3801,9/1/2022 6:23:00 PM,1823,,1227,3801,San Francisco,38,True,True,G,VEHICLE/PEDESTRAIN,,Thursday,,,,,False,False,False,,B,PEDESTRIAN,,0,1,CLEAR,,NO UNUSUAL CONDITIONS - NO UNUSUAL CONDITIONS,,,A,DAYLIGHT,,,,,,,B,CROSSING IN CROSS WALK AT INTERSECTION,,A,21950A,,1,VALLEJO ST,NORTH,,,A,,,POLK ST,,,A,7/25/2024 10:34:00 PM,1/29/2025 8:47:55 AM,,,2,,,,,,,
2689344,220622719,2,False,3801,9/12/2022 3:17:00 PM,1517,3A11D,1227,3801,San Francisco,38,True,True,G,VEHICLE/PEDESTRAIN,,Monday,,,,,False,False,False,,B,PEDESTRIAN,,2,0,CLEAR,,NO UNUSUAL CONDITIONS - NO UNUSUAL CONDITIONS,,,A,DAYLIGHT,,,,,,,D,CROSSING - NOT IN CROSSWALK,,A,21954A,,1,LARKIN ST,CENTR,,,A,S,34,CEDAR ST,F,,A,7/25/2024 10:34:00 PM,1/29/2025 8:47:55 AM,,,2,,,,,,,
2689343,220592394,2,False,3801,9/1/2022 3:42:00 PM,1542,3G13D,1227,3801,San Francisco,38,True,True,G,VEHICLE/PEDESTRAIN,,Thursday,,,,,False,False,True,,B,PEDESTRIAN,,2,0,CLEAR,,NO UNUSUAL CONDITIONS - NO UNUSUAL CONDITIONS,,,A,DAYLIGHT,,,,,,,B,CROSSING IN CROSS WALK AT INTERSECTION,,A,21950A,,1,FULTON ST,RICHM,,,A,,,ARGUELLO BL,,,A,7/25/2024 10:34:00 PM,1/29/2025 8:47:55 AM,,,2,,,,,,,
2689342,220593477,2,False,3801,9/1/2022 10:23:00 PM,2223,2CAR,1227,3801,San Francisco,38,True,True,A,HEAD-ON,,Thursday,,,,,False,False,False,,B,PEDESTRIAN,,1,0,CLOUDY,FOG/VISIBILITY,NO UNUSUAL CONDITIONS - NO UNUSUAL CONDITIONS,,,C,DARK-STREET LIGHTS,,,,,,,B,CROSSING IN CROSS WALK AT INTERSECTION,,A,21950A,,1,TARAVAL ST,TARAV,,,A,,,21ST AV,,,A,7/25/2024 10:33:59 PM,1/29/2025 8:47:55 AM,,,2,,,,,,,
2689338,220595683,2,False,3801,9/2/2022 6:15:00 PM,1815,3H15D,1227,3801,San Francisco,38,True,True,G,VEHICLE/PEDESTRAIN,,Friday,,,,,False,False,False,,B,PEDESTRIAN,,1,0,CLEAR,,NO UNUSUAL CONDITIONS - NO UNUSUAL CONDITIONS,,,A,DAYLIGHT,,,,,,,B,CROSSING IN CROSS WALK AT INTERSECTION,,A,21950A,,1,ALEMANY BL,INGLE,,,A,,,ONONDAGA AV,,,A,7/25/2024 10:33:58 PM,1/29/2025 8:47:55 AM,,,2,,,,,,,
2689336,220596318,2,False,3801,9/2/2022 11:42:00 PM,2342,3E15E,1227,3801,San Francisco,38,True,True,H,OTHER,,Friday,,,F,,False,False,False,,B,PEDESTRIAN,,1,0,CLEAR,,NO UNUSUAL CONDITIONS - NO UNUSUAL CONDITIONS,,,C,DARK-STREET LIGHTS,,,,,,,B,CROSSING IN CROSS WALK AT INTERSECTION,,A,22350,,1,LOMBARD ST,NORTH,,,A,,,LAGUNA ST,,,D,7/25/2024 10:33:58 PM,1/29/2025 8:47:55 AM,,,2,,,,,,,
2689335,220596051,2,False,3801,9/2/2022 9:10:00 PM,2110,3B13E,1227,3801,San Francisco,38,True,True,B,SIDE SWIPE,,Friday,,,F,,False,False,False,,B,PEDESTRIAN,,1,0,CLEAR,,NO UNUSUAL CONDITIONS - NO UNUSUAL CONDITIONS,,,C,DARK-STREET LIGHTS,,,,,,,F,NOT IN ROAD,,A,22350A,,1,EMBARCADERO,SOUTH,,,A,,,MISSION ST,,,D,7/25/2024 10:33:58 PM,1/29/2025 8:47:55 AM,,,2,,,,,,,
2689330,220633493,2,False,3801,9/16/2022 4:55:00 PM,1655,3A14D,1227,3801,San Francisco,38,True,True,,,,Friday,,,,,False,False,False,,B,PEDESTRIAN,,1,0,CLEAR,,NO UNUSUAL CONDITIONS - NO UNUSUAL CONDITIONS,,,A,DAYLIGHT,,,,,,,B,CROSSING IN CROSS WALK AT INTERSECTION,,A,21950A,,1,COLUBUS AV,CENTR,,,A,N,21,GREEN ST,F,,A,7/25/2024 10:33:57 PM,1/29/2025 8:47:55 AM,,,2,,,,,,,
2689318,220634203,2,False,3801,9/16/2022 9:15:00 PM,2115,G4,1227,3801,San Francisco,38,True,True,G,VEHICLE/PEDESTRAIN,,Friday,,,,,False,False,False,,B,PEDESTRIAN,,2,0,CLEAR,,NO UNUSUAL CONDITIONS - NO UNUSUAL CONDITIONS,,,C,DARK-STREET LIGHTS,,,,,,,B,CROSSING IN CROSS WALK AT INTERSECTION,,A,21950A,,1,21ST AV,RICHM,,,A,,,CALIFORNIA ST,,,A,7/25/2024 10:33:54 PM,1/29/2025 8:47:54 AM,,,2,,,,,,,
2689238,220629276,2,False,3801,9/15/2022 8:12:00 AM,0812,3H16A,1227,3801,San Francisco,38,True,True,G,VEHICLE/PEDESTRAIN,,Thursday,,,,,False,False,False,,B,PEDESTRIAN,,1,0,CLEAR,,NO UNUSUAL CONDITIONS - NO UNUSUAL CONDITIONS,,,A,DAYLIGHT,,,,,,,B,CROSSING IN CROSS WALK AT INTERSECTION,,A,21456C,,1,BAYSHORE BL,TRAFF,,,A,,,SAN BRUNO AV,,,A,7/25/2024 10:33:40 PM,1/29/2025 8:47:52 AM,,,2,,,,,,,
2689110,220696736,2,False,3801,10/10/2022 3:35:00 PM,1535,2,1227,3801,San Francisco,38,True,True,G,VEHICLE/PEDESTRAIN,,Monday,,,,,False,False,False,,B,PEDESTRIAN,,1,0,CLEAR,,NO UNUSUAL CONDITIONS - NO UNUSUAL CONDITIONS,,,A,DAYLIGHT,,,,,,,F,NOT IN ROAD,,A,22350,,1,GEARY BL,NORTH,,,A,E,109,DIVISADERO ST,F,,A,7/25/2024 10:33:17 PM,1/29/2025 8:47:47 AM,,,2,,,,,,,
2689106,220689850,2,False,3801,10/7/2022 8:03:00 PM,2003,3H13D,1227,3801,San Francisco,38,True,True,G,VEHICLE/PEDESTRAIN,,Friday,,,,,False,False,False,,B,PEDESTRIAN,,1,0,CLEAR,,NO UNUSUAL CONDITIONS - NO UNUSUAL CONDITIONS,,,C,DARK-STREET LIGHTS,,,,,,,B,CROSSING IN CROSS WALK AT INTERSECTION,,A,21950A,,1,GENEVA AV,INGLE,,,A,,,MISSION ST,,,A,7/25/2024 10:33:16 PM,1/29/2025 8:47:47 AM,,,2,,,,,,,
2689105,220685723,2,False,3801,10/6/2022 2:02:00 PM,1402,3A3A,1227,3801,San Francisco,38,True,True,G,VEHICLE/PEDESTRAIN,,Thursday,,,,,False,False,False,,B,PEDESTRIAN,,1,0,CLEAR,,NO UNUSUAL CONDITIONS - NO UNUSUAL CONDITIONS,,,A,DAYLIGHT,,,,,,,B,CROSSING IN CROSS WALK AT INTERSECTION,,A,21950A,,1,POST ST,CENTR,,,A,,,STOCKTON ST,,,A,7/25/2024 10:33:16 PM,1/29/2025 8:47:47 AM,,,2,,,,,,,
2689102,220682791,2,False,3801,10/5/2022 10:21:00 AM,1021,3I13A,1227,3801,San Francisco,38,True,True,G,VEHICLE/PEDESTRAIN,,Wednesday,,,,,False,False,False,,B,PEDESTRIAN,,1,0,CLEAR,,NO UNUSUAL CONDITIONS - NO UNUSUAL CONDITIONS,,,A,DAYLIGHT,,,,,,,B,CROSSING IN CROSS WALK AT INTERSECTION,,A,21950A,,1,45TH AV,TARAV,,,A,,,SLOAT BL,,,A,7/25/2024 10:33:15 PM,1/29/2025 8:47:47 AM,,,2,,,,,,,
2689089,220673370,2,False,3801,10/1/2022 5:58:00 PM,1758,3H13D,1227,3801,San Francisco,38,True,True,D,BROADSIDE,,Saturday,,,,,False,False,False,,B,PEDESTRIAN,,1,0,CLOUDY,,NO UNUSUAL CONDITIONS - NO UNUSUAL CONDITIONS,,,B,DUSK-DAWN,,,,,,,E,IN ROAD - INCLUDES SHOULDER,,A,,,1,TERESITA BL,INGLE,,,A,,,BELLE VISTA WY,,,A,7/25/2024 10:33:13 PM,1/29/2025 8:47:47 AM,,,2,,,,,,,
2689081,220688545,2,False,3801,10/7/2022 12:23:00 PM,1223,3E13C,1227,3801,San Francisco,38,True,True,G,VEHICLE/PEDESTRAIN,,Friday,,,,,False,False,False,,B,PEDESTRIAN,,1,0,CLEAR,,NO UNUSUAL CONDITIONS - NO UNUSUAL CONDITIONS,,,A,DAYLIGHT,,,,,,,B,CROSSING IN CROSS WALK AT INTERSECTION,,D,,,,GOUGH ST,NORTH,,,A,,,GROVE ST,,,A,7/25/2024 10:33:11 PM,1/29/2025 8:47:46 AM,,,2,,,,,,,
2689035,220731978,2,False,3801,10/24/2022 12:40:00 PM,1240,1,1227,3801,San Francisco,38,True,True,G,VEHICLE/PEDESTRAIN,,Monday,,,F,,False,False,False,,B,PEDESTRIAN,,1,0,,,NO UNUSUAL CONDITIONS - NO UNUSUAL CONDITIONS,,,A,DAYLIGHT,,,,,,,E,IN ROAD - INCLUDES SHOULDER,,A,22350,,1,17TH AV,TARAV,,,A,N,140,KIRKHAM ST,F,,A,7/25/2024 10:33:01 PM,1/29/2025 8:47:45 AM,,,2,,,,,,,
2689034,220725454,2,False,3801,10/21/2022 8:20:00 PM,2020,B5,1227,3801,San Francisco,38,True,True,G,VEHICLE/PEDESTRAIN,,Friday,,,,,False,False,False,,B,PEDESTRIAN,,1,0,CLEAR,,NO UNUSUAL CONDITIONS - NO UNUSUAL CONDITIONS,,,C,DARK-STREET LIGHTS,,,,,,,D,CROSSING - NOT IN CROSSWALK,,A,22106,,1,TERRY A FRANCOIS BL,SOUTH,,,A,N,220,16TH ST,F,,D,7/25/2024 10:33:01 PM,1/29/2025 8:47:45 AM,,,2,,,,,,,
2689033,220737976,2,False,3801,10/26/2022 5:14:00 PM,1714,G2,1227,3801,San Francisco,38,True,True,D,BROADSIDE,,Wednesday,,,,,False,False,False,,B,PEDESTRIAN,,1,0,CLEAR,,NO UNUSUAL CONDITIONS - NO UNUSUAL CONDITIONS,,,A,DAYLIGHT,,,,,,,D,CROSSING - NOT IN CROSSWALK,,A,21950B,,1,PALM AV,RICHM,,,A,N,344,GEARY BL,F,,D,7/25/2024 10:33:01 PM,1/29/2025 8:47:45 AM,,,2,,,,,,,
2689032,220723511,2,False,3801,10/21/2022 7:07:00 AM,0707,901,1227,3801,San Francisco,38,True,True,G,VEHICLE/PEDESTRAIN,,Friday,,,,,False,False,False,,B,PEDESTRIAN,,1,0,CLOUDY,,NO UNUSUAL CONDITIONS - NO UNUSUAL CONDITIONS,,,A,DAYLIGHT,,,,,,,B,CROSSING IN CROSS WALK AT INTERSECTION,,A,21950B,,1,SAN BRUNO AV,BAYVI,,,A,,,PAUL AV,,,A,7/25/2024 10:33:01 PM,1/29/2025 8:47:45 AM,,,2,,,,,,,
2689031,220720658,2,False,3801,10/20/2022 6:50:00 AM,0650,,1227,3801,San Francisco,38,True,True,G,VEHICLE/PEDESTRAIN,,Thursday,,,F,,False,False,False,,B,PEDESTRIAN,,1,0,CLEAR,,NO UNUSUAL CONDITIONS - NO UNUSUAL CONDITIONS,,,C,DARK-STREET LIGHTS,,,,,,,B,CROSSING IN CROSS WALK AT INTERSECTION,,A,21950A,,1,HYDE ST,CENTR,,,A,,,SUTTER ST,,,A,7/25/2024 10:33:00 PM,1/29/2025 8:47:45 AM,,,2,,,,,,,
2689028,220726270,2,False,3801,10/22/2022 5:56:00 AM,0556,3C11A,1227,3801,San Francisco,38,True,True,G,VEHICLE/PEDESTRAIN,,Saturday,,,,,False,False,False,,B,PEDESTRIAN,,1,0,OTHER,,NO UNUSUAL CONDITIONS - NO UNUSUAL CONDITIONS,,,C,DARK-STREET LIGHTS,,,,,,,F,NOT IN ROAD,,A,21663,,1,INDIANA ST,BAYVI,,,B,N,37,TULARE ST,F,,A,7/25/2024 10:33:00 PM,1/29/2025 8:47:44 AM,,,2,,,,,,,
2689026,220738316,2,False,3801,10/26/2022 7:19:00 PM,1919,3F91,1227,3801,San Francisco,38,True,True,G,VEHICLE/PEDESTRAIN,,Wednesday,,,,,False,False,False,,B,PEDESTRIAN,,1,0,CLEAR,,NO UNUSUAL CONDITIONS - NO UNUSUAL CONDITIONS,,,C,DARK-STREET LIGHTS,,,,,,,D,CROSSING - NOT IN CROSSWALK,,D,,,,DUBOCE AV,PARK,,,A,W,50,BELCHER ST,F,,D,7/25/2024 10:32:59 PM,1/29/2025 8:47:44 AM,,,2,,,,,,,
2689022,220733021,2,False,3801,10/24/2022 6:53:00 PM,1853,3H15D,1227,3801,San Francisco,38,True,True,G,VEHICLE/PEDESTRAIN,,Monday,,,,,False,False,False,,B,PEDESTRIAN,,1,0,CLEAR,,NO UNUSUAL CONDITIONS - NO UNUSUAL CONDITIONS,,,C,DARK-STREET LIGHTS,,,,,,,D,CROSSING - NOT IN CROSSWALK,,A,21954A,,1,FRIDA KAHLO WY,INGLE,,,A,N,293,CITY COLLEGE TERMINAL,F,,D,7/25/2024 10:32:58 PM,1/29/2025 8:47:44 AM,,,2,,,,,,,
2689019,220733093,2,False,3801,10/24/2022 7:35:00 PM,1935,3D13D,1227,3801,San Francisco,38,True,True,G,VEHICLE/PEDESTRAIN,,Monday,,,,,False,False,False,,B,PEDESTRIAN,,1,0,CLEAR,,NO UNUSUAL CONDITIONS - NO UNUSUAL CONDITIONS,,,C,DARK-STREET LIGHTS,,,,,,,B,CROSSING IN CROSS WALK AT INTERSECTION,,A,21950,,1,GUERRERO ST,MISSI,,,A,,,22ND ST,,,A,7/25/2024 10:32:58 PM,1/29/2025 8:47:44 AM,,,2,,,,,,,
2689012,220704931,2,False,3801,10/13/2022 6:20:00 PM,1820,3J4,1227,3801,San Francisco,38,True,True,G,VEHICLE/PEDESTRAIN,,Thursday,,,,,False,False,False,,B,PEDESTRIAN,,1,0,CLEAR,,OBSTRUCTION ON ROADWAY* - OBSTRUCTION ON ROADWAY*,,,A,DAYLIGHT,,,,,,,B,CROSSING IN CROSS WALK AT INTERSECTION,,A,21950A,,1,JONES ST,TENDE,,,A,N,7,MCALLISTER ST,F,,A,7/25/2024 10:32:56 PM,1/29/2025 8:47:44 AM,,,2,,,,,,,
2688993,220683034,2,False,3801,10/5/2022 11:50:00 AM,1150,3B15A,1227,3801,San Francisco,38,True,True,G,VEHICLE/PEDESTRAIN,,Wednesday,,,,,False,False,False,,B,PEDESTRIAN,,1,0,CLEAR,,NO UNUSUAL CONDITIONS - NO UNUSUAL CONDITIONS,,,A,DAYLIGHT,,,,,,,B,CROSSING IN CROSS WALK AT INTERSECTION,,A,21950A,,1,4TH ST,SOUTH,,,A,,,TOWNSEND ST,,,A,7/25/2024 10:32:52 PM,1/29/2025 8:47:43 AM,,,2,,,,,,,
2688991,220707753,2,False,3801,10/14/2022 10:17:00 PM,2217,3D14E,1227,3801,San Francisco,38,True,True,G,VEHICLE/PEDESTRAIN,,Friday,,,,,False,False,False,,B,PEDESTRIAN,,1,0,CLEAR,,NO UNUSUAL CONDITIONS - NO UNUSUAL CONDITIONS,,,C,DARK-STREET LIGHTS,,,,,,,D,CROSSING - NOT IN CROSSWALK,,A,21955,,1,16TH ST,MISSI,,,A,E,60,MISSION ST,F,,D,7/25/2024 10:32:52 PM,1/29/2025 8:47:43 AM,,,2,,,,,,,
2688990,220707587,2,False,3801,10/14/2022 8:57:00 PM,2057,3I16E,1227,3801,San Francisco,38,True,True,B,SIDE SWIPE,,Friday,,,,,False,False,False,,B,PEDESTRIAN,,1,0,CLEAR,,NO UNUSUAL CONDITIONS - NO UNUSUAL CONDITIONS,,,C,DARK-STREET LIGHTS,,,,,,,D,CROSSING - NOT IN CROSSWALK,,A,21954A,,1,19TH AV,TARAV,,,B,N,26,LAWTON,F,,A,7/25/2024 10:32:52 PM,1/29/2025 8:47:43 AM,,,2,,,,,,,
2688985,220704113,2,False,3801,10/13/2022 12:20:00 PM,1220,3I11A,1227,3801,San Francisco,38,True,True,G,VEHICLE/PEDESTRAIN,,Thursday,,,,,False,False,False,,B,PEDESTRIAN,,1,0,CLEAR,,NO UNUSUAL CONDITIONS - NO UNUSUAL CONDITIONS,,,A,DAYLIGHT,,,,,,,B,CROSSING IN CROSS WALK AT INTERSECTION,,A,21954A,,1,19TH AV,TARAV,,,A,,,ULLOA,,,A,7/25/2024 10:32:50 PM,1/29/2025 8:47:43 AM,,,2,,,,,,,
2688982,220692530,2,False,3801,10/9/2022 11:16:00 PM,2316,,1227,3801,San Francisco,38,True,True,A,HEAD-ON,,Sunday,,,F,,False,False,False,,B,PEDESTRIAN,,1,0,CLEAR,,NO UNUSUAL CONDITIONS - NO UNUSUAL CONDITIONS,,,C,DARK-STREET LIGHTS,,,,,,,C,CROSSING IN CROSS WALK - NOT AT INTERSECTION,,A,22350,,1,MISSION ST,SOUTH,,,A,,,MINT ST,,,A,7/25/2024 10:32:50 PM,1/29/2025 8:47:43 AM,,,2,,,,,,,
2688981,220688307,2,False,3801,10/7/2022 11:22:00 AM,1122,3D15A,1227,3801,San Francisco,38,True,True,G,VEHICLE/PEDESTRAIN,,Friday,,,F,,False,False,False,,B,PEDESTRIAN,,1,0,CLEAR,,NO UNUSUAL CONDITIONS - NO UNUSUAL CONDITIONS,,,A,DAYLIGHT,,,,,,,D,CROSSING - NOT IN CROSSWALK,,A,21955,,1,24TH ST,MISSI,,,A,W,90,POTRERO AV,F,,A,7/25/2024 10:32:50 PM,1/29/2025 8:47:43 AM,,,2,,,,,,,
2688891,220736401,2,False,3801,10/26/2022 7:25:00 AM,0725,3C13A,1227,3801,San Francisco,38,True,True,G,VEHICLE/PEDESTRAIN,,Wednesday,,,,,False,False,False,,B,PEDESTRIAN,,1,0,CLEAR,,NO UNUSUAL CONDITIONS - NO UNUSUAL CONDITIONS,,,B,DUSK-DAWN,,,,,,,B,CROSSING IN CROSS WALK AT INTERSECTION,,A,22450A,,1,INNES AV,BAYVI,,,A,N,54,DONAHUE ST,F,,D,7/25/2024 10:32:34 PM,1/29/2025 8:47:40 AM,,,2,,,,,,,
2688879,220685080,2,False,3801,10/5/2022 12:55:00 AM,0055,3D13E,1227,3801,San Francisco,38,True,True,B,SIDE SWIPE,,Wednesday,,,F,,False,False,False,,B,PEDESTRIAN,,1,0,CLEAR,,NO UNUSUAL CONDITIONS - NO UNUSUAL CONDITIONS,,,C,DARK-STREET LIGHTS,,,,,,,B,CROSSING IN CROSS WALK AT INTERSECTION,,A,21950A,,1,22ND ST,MISSI,,,A,,,CAPP ST,,,D,7/25/2024 10:32:31 PM,1/29/2025 8:47:40 AM,,,2,,,,,,,
2688871,220728094,2,False,3801,10/22/2022 8:15:00 PM,2015,3A14D,1227,3801,San Francisco,38,True,True,G,VEHICLE/PEDESTRAIN,,Saturday,,,,,False,False,False,,B,PEDESTRIAN,,1,0,CLEAR,,NO UNUSUAL CONDITIONS - NO UNUSUAL CONDITIONS,,,C,DARK-STREET LIGHTS,,,,,,,B,CROSSING IN CROSS WALK AT INTERSECTION,,A,21950A,,1,FILLMORE ST,NORTH,,,A,S,8,CALIFORNIA ST,F,,A,7/25/2024 10:32:30 PM,1/29/2025 8:47:39 AM,,,2,,,,,,,
2688857,220670138,2,False,3801,9/30/2022 1:05:00 PM,1305,1CAR,1227,3801,San Francisco,38,True,True,D,BROADSIDE,,Friday,,,,,False,False,False,,B,PEDESTRIAN,,1,0,CLEAR,,NO UNUSUAL CONDITIONS - NO UNUSUAL CONDITIONS,,,A,DAYLIGHT,,,,,,,F,NOT IN ROAD,,A,,,1,15TH ST,MISSI,,,A,E,40,ALBION ST,F,,D,7/25/2024 10:32:27 PM,1/29/2025 8:47:39 AM,,,2,,,,,,,
2688855,220667737,2,False,3801,9/29/2022 3:44:00 PM,1544,3E12D,1227,3801,San Francisco,38,True,True,G,VEHICLE/PEDESTRAIN,,Thursday,,,,,False,False,False,,B,PEDESTRIAN,,1,0,CLEAR,,NO UNUSUAL CONDITIONS - NO UNUSUAL CONDITIONS,,,A,DAYLIGHT,,,,,,,B,CROSSING IN CROSS WALK AT INTERSECTION,,A,21453D,,1,PIERCE ST,NORTH,,,A,,,GOLDEN GATE AV,,,A,7/25/2024 10:32:27 PM,1/29/2025 8:47:39 AM,,,2,,,,,,,
2688854,220669006,2,False,3801,9/30/2022 2:01:00 AM,0201,3C13E,1227,3801,San Francisco,38,True,True,G,VEHICLE/PEDESTRAIN,,Friday,,,F,,False,False,False,,B,PEDESTRIAN,,1,0,CLEAR,,NO UNUSUAL CONDITIONS - NO UNUSUAL CONDITIONS,,,C,DARK-STREET LIGHTS,,,,,,,E,IN ROAD - INCLUDES SHOULDER,,A,22350,,1,MENDELL ST,BAYVI,,,A,N,72,NEWHALL ST,F,,A,7/25/2024 10:32:26 PM,1/29/2025 8:47:39 AM,,,2,,,,,,,
2688852,220663553,2,False,3801,9/26/2022 6:26:00 AM,0626,3E13A,1227,3801,San Francisco,38,True,True,G,VEHICLE/PEDESTRAIN,,Monday,,,F,,False,False,False,,B,PEDESTRIAN,,1,0,CLEAR,,NO UNUSUAL CONDITIONS - NO UNUSUAL CONDITIONS,,,B,DUSK-DAWN,,,,,,,B,CROSSING IN CROSS WALK AT INTERSECTION,,A,21950A,,1,VAN NESS AV,NORTH,,,A,,,GEARY ST,,,A,7/25/2024 10:32:26 PM,1/29/2025 8:47:39 AM,,,2,,,,,,,
2688849,220671493,2,False,3801,9/30/2022 10:19:00 PM,2219,3A11E,1227,3801,San Francisco,38,True,True,G,VEHICLE/PEDESTRAIN,,Friday,,,,,False,False,False,,B,PEDESTRIAN,,1,0,CLEAR,,NO UNUSUAL CONDITIONS - NO UNUSUAL CONDITIONS,,,C,DARK-STREET LIGHTS,,,,,,,E,IN ROAD - INCLUDES SHOULDER,,A,21954A,,1,BUSH ST,CENTR,,,A,,,TAYLOR ST,,,D,7/25/2024 10:32:26 PM,1/29/2025 8:47:39 AM,,,3,,,,,,,
2688845,220663036,2,False,3801,9/27/2022 11:39:00 PM,2339,3J13E,1227,3801,San Francisco,38,True,True,B,SIDE SWIPE,,Tuesday,,,F,,False,False,False,,B,PEDESTRIAN,,1,0,CLEAR,,NO UNUSUAL CONDITIONS - NO UNUSUAL CONDITIONS,,,C,DARK-STREET LIGHTS,,,,,,,B,CROSSING IN CROSS WALK AT INTERSECTION,,A,22350,,1,MCALLISTER ST,TENDE,,,A,,,LEAVENWORTH ST,,,A,7/25/2024 10:32:24 PM,1/29/2025 8:47:38 AM,,,2,,,,,,,