Collision Id,Report Number,Report Version,Is Preliminary,NCIC Code,Crash Date Time,Crash Time Description,Beat,City Id,City Code,City Name,County Code,City Is Active,City Is Incorporated,Collision Type Code,Collision Type Description,Collision Type Other Desc,Day Of Week,DispatchNotified,HasPhotographs,HitRun,IsAttachmentsMailed,IsDeleted,IsHighwayRelated,IsTowAway,JudicialDistrict,MotorVehicleInvolvedWithCode,MotorVehicleInvolvedWithDesc,MotorVehicleInvolvedWithOtherDesc,NumberInjured,NumberKilled,Weather 1,Weather 2,Road Condition 1,Road Condition 2,Special Condition,LightingCode,LightingDescription,Latitude,Longitude,MilepostDirection,MilepostDistance,MilepostMarker,MilepostUnitOfMeasure,PedestrianActionCode,PedestrianActionDesc,PreparedDate,Primary Collision Factor Code,Primary Collision Factor Violation,PrimaryCollisionFactorIsCited,PrimaryCollisionPartyNumber,PrimaryRoad,ReportingDistrict,ReportingDistrictCode,ReviewedDate,RoadwaySurfaceCode,SecondaryDirection,SecondaryDistance,SecondaryRoad,SecondaryUnitOfMeasure,SketchDesc,TrafficControlDeviceCode,CreatedDate,ModifiedDate,IsCountyRoad,IsFreeway,CHP555Version,IsAdditonalObjectStruck,NotificationDate,NotificationTimeDescription,HasDigitalMediaFiles,EvidenceNumber,IsLocationReferToNarrative,IsAOIOneSameAsLocation
2688841,2200666654,2,False,3801,9/29/2022 10:36:00 AM,1036,3C15A,1227,3801,San Francisco,38,True,True,G,VEHICLE/PEDESTRAIN,,Thursday,,,,,False,False,False,,B,PEDESTRIAN,,1,0,CLEAR,,NO UNUSUAL CONDITIONS - NO UNUSUAL CONDITIONS,,,A,DAYLIGHT,,,,,,,E,IN ROAD - INCLUDES SHOULDER,,A,21954A,,1,3RD ST,BAYVI,,,A,S,125,HOLLISTER AV,F,,A,7/25/2024 10:32:24 PM,1/29/2025 8:47:38 AM,,,2,,,,,,,
2688840,220597253,2,False,3801,9/3/2022 11:19:00 AM,1119,3J90C,1227,3801,San Francisco,38,True,True,G,VEHICLE/PEDESTRAIN,,Saturday,,,,,False,False,False,,B,PEDESTRIAN,,1,0,CLEAR,,NO UNUSUAL CONDITIONS - NO UNUSUAL CONDITIONS,,,A,DAYLIGHT,,,,,,,C,CROSSING IN CROSS WALK - NOT AT INTERSECTION,,A,21950A,,1,EDDY ST,TENDE,,,A,,,HYDE ST,,,A,7/25/2024 10:32:24 PM,1/29/2025 8:47:38 AM,,,2,,,,,,,
2688839,220613473,2,False,3801,9/9/2022 7:34:00 AM,0734,3A15A,1227,3801,San Francisco,38,True,True,A,HEAD-ON,,Friday,,,,,False,False,False,,B,PEDESTRIAN,,1,0,CLEAR,,NO UNUSUAL CONDITIONS - NO UNUSUAL CONDITIONS,,,A,DAYLIGHT,,,,,,,B,CROSSING IN CROSS WALK AT INTERSECTION,,A,21950A,,1,CALIFORNIA ST,CENTR,,,A,,,DRUMM ST,,,A,7/25/2024 10:32:24 PM,1/29/2025 8:47:38 AM,,,2,,,,,,,
2688674,220701501,2,False,3801,10/12/2022 10:35:00 AM,1035,3E11A,1227,3801,San Francisco,38,True,True,G,VEHICLE/PEDESTRAIN,,Wednesday,,,,,False,False,False,,B,PEDESTRIAN,,0,0,CLEAR,,NO UNUSUAL CONDITIONS - NO UNUSUAL CONDITIONS,,,A,DAYLIGHT,,,,,,,D,CROSSING - NOT IN CROSSWALK,,A,21950B,,1,FELL ST,NORTH,,,A,E,32,VAN NESS AV,F,,A,7/25/2024 10:31:54 PM,1/29/2025 8:47:33 AM,,,2,,,,,,,
2688395,220296239,2,False,3801,5/6/2022 10:05:00 AM,1005,3E14A,1227,3801,San Francisco,38,True,True,G,VEHICLE/PEDESTRAIN,,Friday,,,,,False,False,False,,B,PEDESTRIAN,,1,0,CLEAR,,NO UNUSUAL CONDITIONS - NO UNUSUAL CONDITIONS,,,A,DAYLIGHT,,,,,,,D,CROSSING - NOT IN CROSSWALK,,C,,,,BEACH ST,NORTH,,,A,,,RETIRO WY,,,D,7/25/2024 10:31:06 PM,1/29/2025 8:47:24 AM,,,2,,,,,,,
2688393,220293263,2,False,3801,5/5/2022 3:14:00 AM,0314,J5,1227,3801,San Francisco,38,True,True,D,BROADSIDE,,Thursday,,,,,False,False,False,,B,PEDESTRIAN,,1,0,CLEAR,,NO UNUSUAL CONDITIONS - NO UNUSUAL CONDITIONS,,,D,DARK-NO STREET LIGHTS,,,,,,,D,CROSSING - NOT IN CROSSWALK,,A,21954A,,1,ELLIS ST,TENDE,,,A,W,25,JONES ST,F,,D,7/25/2024 10:31:06 PM,1/29/2025 8:47:24 AM,,,2,,,,,,,
2688382,220245988,2,False,3801,4/15/2022 8:15:00 AM,0815,3F13A,1227,3801,San Francisco,38,True,True,G,VEHICLE/PEDESTRAIN,,Friday,,,,,False,False,False,,B,PEDESTRIAN,,1,0,CLEAR,,NO UNUSUAL CONDITIONS - NO UNUSUAL CONDITIONS,,,A,DAYLIGHT,,,,,,,B,CROSSING IN CROSS WALK AT INTERSECTION,,D,,,,TURK ST,PARK,,,A,,,PARKER AV,,,A,7/25/2024 10:31:03 PM,1/29/2025 8:47:23 AM,,,2,,,,,,,
2688302,220-391-419,2,False,3801,6/14/2022 10:33:00 PM,2233,3E13E,1227,3801,San Francisco,38,True,True,G,VEHICLE/PEDESTRAIN,,Tuesday,,,,,False,False,False,,B,PEDESTRIAN,,1,0,CLEAR,,NO UNUSUAL CONDITIONS - NO UNUSUAL CONDITIONS,,,C,DARK-STREET LIGHTS,,,,,,,B,CROSSING IN CROSS WALK AT INTERSECTION,,A,21950A,,1,POLK ST,NORTH,,,A,,,GROVE ST,,,A,7/25/2024 10:30:49 PM,1/29/2025 8:47:18 AM,,,2,,,,,,,
2687341,220604513,2,False,3801,9/6/2022 4:56:00 AM,0456,4B2D,1227,3801,San Francisco,38,True,True,G,VEHICLE/PEDESTRAIN,,Tuesday,,,F,,False,True,False,,B,PEDESTRIAN,,0,1,CLEAR,,NO UNUSUAL CONDITIONS - NO UNUSUAL CONDITIONS,,,C,DARK-STREET LIGHTS,,,,,,,D,CROSSING - NOT IN CROSSWALK,,A,21954B,,1,5TH ST,TRAFF,,,A,N,158,BRYANT ST,F,,D,7/25/2024 10:28:02 PM,1/29/2025 8:46:44 AM,,,2,,,,,,,
2687031,220227074,2,False,3801,4/7/2022 8:35:00 AM,0835,,1227,3801,San Francisco,38,True,True,G,VEHICLE/PEDESTRAIN,,Thursday,,,M,,False,False,False,,B,PEDESTRIAN,,1,0,CLEAR,,NO UNUSUAL CONDITIONS - NO UNUSUAL CONDITIONS,,,A,DAYLIGHT,,,,,,,C,CROSSING IN CROSS WALK - NOT AT INTERSECTION,,A,21950A,,1,18TH ST,MISSI,,,A,,,FLORIDA ST,,,,7/25/2024 10:27:09 PM,1/29/2025 8:46:34 AM,,,2,,,,,,,
2687025,220100884,2,False,3801,2/13/2022 8:20:00 PM,2020,3B11E,1227,3801,San Francisco,38,True,True,G,VEHICLE/PEDESTRAIN,,Sunday,,,,,False,False,False,,B,PEDESTRIAN,,1,0,CLEAR,,NO UNUSUAL CONDITIONS - NO UNUSUAL CONDITIONS,,,C,DARK-STREET LIGHTS,,,,,,,D,CROSSING - NOT IN CROSSWALK,,A,21954A,,1,THE EMBARCADERO,SOUTH,,,A,N,100,TOWNSEND ST,F,,D,7/25/2024 10:27:08 PM,1/29/2025 8:46:34 AM,,,2,,,,,,,
2686959,220564371,2,False,3801,8/22/2022 8:11:00 AM,0811,3H15A,1227,3801,San Francisco,38,True,True,G,VEHICLE/PEDESTRAIN,,Monday,,,,,False,False,False,,B,PEDESTRIAN,,1,0,CLEAR,,NO UNUSUAL CONDITIONS - NO UNUSUAL CONDITIONS,,,A,DAYLIGHT,,,,,,,B,CROSSING IN CROSS WALK AT INTERSECTION,,A,21950,,1,ALEMANY BL,INGLE,,,A,,,ROUSSEAU ST,,,A,7/25/2024 10:26:56 PM,1/29/2025 8:46:32 AM,,,2,,,,,,,
2686957,220566509,2,False,3801,8/22/2022 8:30:00 PM,2030,3E14D,1227,3801,San Francisco,38,True,True,G,VEHICLE/PEDESTRAIN,,Monday,,,,,False,False,False,,B,PEDESTRIAN,,1,0,CLEAR,,NO UNUSUAL CONDITIONS - NO UNUSUAL CONDITIONS,,,C,DARK-STREET LIGHTS,,,,,,,D,CROSSING - NOT IN CROSSWALK,,A,21954A,,1,UNION ST,NORTH,,,A,W,78,BUCHANAN ST,F,,D,7/25/2024 10:26:56 PM,1/29/2025 8:46:32 AM,,,2,,,,,,,
2686794,220425648,2,False,3801,6/28/2022 8:41:00 PM,2041,4B4G,1227,3801,San Francisco,38,True,True,G,VEHICLE/PEDESTRAIN,,Tuesday,,,,,False,False,False,,B,PEDESTRIAN,,1,0,CLEAR,,NO UNUSUAL CONDITIONS - NO UNUSUAL CONDITIONS,,,B,DUSK-DAWN,,,,,,,E,IN ROAD - INCLUDES SHOULDER,,A,21954A,,1,HAIGHT ST,NORTH,,,A,W,193,FILLMORE ST,F,,A,7/25/2024 10:26:28 PM,1/29/2025 8:46:26 AM,,,2,,,,,,,
2686788,220-430-512,2,False,3801,6/30/2022 5:35:00 PM,1735,3D13D,1227,3801,San Francisco,38,True,True,G,VEHICLE/PEDESTRAIN,,Thursday,,,,,False,False,False,,B,PEDESTRIAN,,1,0,CLEAR,,NO UNUSUAL CONDITIONS - NO UNUSUAL CONDITIONS,,,A,DAYLIGHT,,,,,,,E,IN ROAD - INCLUDES SHOULDER,,A,21954A,,1,FLORIDA ST,MISSI,,,A,N,25,23RD ST,F,,D,7/25/2024 10:26:27 PM,1/29/2025 8:46:26 AM,,,2,,,,,,,
2686785,220389862,2,False,3801,6/14/2022 11:20:00 AM,1120,4B21,1227,3801,San Francisco,38,True,True,G,VEHICLE/PEDESTRAIN,,Tuesday,,,,,False,False,False,,B,PEDESTRIAN,,1,0,CLEAR,,NO UNUSUAL CONDITIONS - NO UNUSUAL CONDITIONS,,,A,DAYLIGHT,,,,,,,E,IN ROAD - INCLUDES SHOULDER,,A,21954D,,1,HYDE ST,TRAFF,,,A,,,CHESTNUT ST,,,D,7/25/2024 10:26:26 PM,1/29/2025 8:46:26 AM,,,2,,,,,,,
2686753,220563050,2,False,3801,8/21/2022 2:44:00 PM,1444,4,1227,3801,San Francisco,38,True,True,G,VEHICLE/PEDESTRAIN,,Sunday,,,F,,False,False,False,,B,PEDESTRIAN,,1,0,CLEAR,,NO UNUSUAL CONDITIONS - NO UNUSUAL CONDITIONS,,,A,DAYLIGHT,,,,,,,B,CROSSING IN CROSS WALK AT INTERSECTION,,A,21950A,,1,MANSELL ST,BAYVI,,,A,,,HAMILTON ST,,,A,7/25/2024 10:26:21 PM,1/29/2025 8:46:25 AM,,,2,,,,,,,
2686683,220439025,2,False,3801,7/4/2022 5:51:00 PM,1751,4B4D,1227,3801,San Francisco,38,True,True,C,REAR END,,Monday,,,,,False,False,True,,C,OTHER MOTOR VEHICLE,,4,0,CLEAR,,NO UNUSUAL CONDITIONS - NO UNUSUAL CONDITIONS,,,A,DAYLIGHT,,,,,,,F,NOT IN ROAD,,A,21453B,,1,LINCOLN WY,TARAV,,,A,E,16,9TH AV,F,,A,7/25/2024 10:26:08 PM,1/29/2025 8:46:23 AM,,,2,,,,,,,
2686645,220575986,2,False,3801,8/26/2022 9:48:00 AM,0948,TARAVA,1227,3801,San Francisco,38,True,True,G,VEHICLE/PEDESTRAIN,,Friday,,,,,False,False,False,,B,PEDESTRIAN,,1,0,CLOUDY,,NO UNUSUAL CONDITIONS - NO UNUSUAL CONDITIONS,,,A,DAYLIGHT,,,,,,,B,CROSSING IN CROSS WALK AT INTERSECTION,,A,21950A,,1,19TH AV,TARAV,,,A,,,LINCOLN BL,,,A,7/25/2024 10:26:02 PM,1/29/2025 8:46:22 AM,,,2,,,,,,,
2686644,220582141,2,False,3801,8/28/2022 3:06:00 PM,1506,I6,1227,3801,San Francisco,38,True,True,G,VEHICLE/PEDESTRAIN,,Sunday,,,F,,False,False,False,,B,PEDESTRIAN,,1,0,CLEAR,,NO UNUSUAL CONDITIONS - NO UNUSUAL CONDITIONS,,,A,DAYLIGHT,,,,,,,F,NOT IN ROAD,,A,22350,,1,MINERVA ST,TARAV,,,A,E,345,PLYMOUTH AV,F,,D,7/25/2024 10:26:02 PM,1/29/2025 8:46:22 AM,,,2,,,,,,,
2686641,220568696,2,False,3801,8/23/2022 5:00:00 PM,1700,1D,1227,3801,San Francisco,38,True,True,A,HEAD-ON,,Tuesday,,,F,,False,False,False,,B,PEDESTRIAN,,1,0,CLEAR,,NO UNUSUAL CONDITIONS - NO UNUSUAL CONDITIONS,,,A,DAYLIGHT,,,,,,,B,CROSSING IN CROSS WALK AT INTERSECTION,,A,21453D,,1,HAYES ST,NORTH,,,A,,,WEBSTER ST,,,A,7/25/2024 10:26:01 PM,1/29/2025 8:46:21 AM,,,2,,,,,,,
2686638,220581375,2,False,3801,8/28/2022 1:21:00 PM,1321,3B12A,1227,3801,San Francisco,38,True,True,G,VEHICLE/PEDESTRAIN,,Sunday,,,,,False,False,False,,B,PEDESTRIAN,,1,0,CLEAR,,NO UNUSUAL CONDITIONS - NO UNUSUAL CONDITIONS,,,A,DAYLIGHT,,,,,,,B,CROSSING IN CROSS WALK AT INTERSECTION,,A,21950A,,1,10TH ST,SOUTH,,,A,,,MISSION ST,,,A,7/25/2024 10:26:01 PM,1/29/2025 8:46:21 AM,,,2,,,,,,,
2686637,220581002,2,False,3801,8/28/2022 10:14:00 AM,1014,1CAR,1227,3801,San Francisco,38,True,True,G,VEHICLE/PEDESTRAIN,,Sunday,,,,,False,False,False,,B,PEDESTRIAN,,1,0,CLEAR,,NO UNUSUAL CONDITIONS - NO UNUSUAL CONDITIONS,,,A,DAYLIGHT,,,,,,,B,CROSSING IN CROSS WALK AT INTERSECTION,,A,21453A,,1,JONES ST,CENTR,,,A,,,GEARY ST,,,A,7/25/2024 10:26:01 PM,1/29/2025 8:46:21 AM,,,2,,,,,,,
2686631,220543795,2,False,3801,8/14/2022 8:36:00 AM,0836,901,1227,3801,San Francisco,38,True,True,G,VEHICLE/PEDESTRAIN,,Sunday,,,F,,False,False,False,,B,PEDESTRIAN,,1,0,CLEAR,,NO UNUSUAL CONDITIONS - NO UNUSUAL CONDITIONS,,,A,DAYLIGHT,,,,,,,D,CROSSING - NOT IN CROSSWALK,,A,21955,,1,EDDY ST,TRAFF,,,A,,,EDDY ST 265,,,D,7/25/2024 10:26:00 PM,1/29/2025 8:46:21 AM,,,2,,,,,,,
2686628,220572653,2,False,3801,8/25/2022 6:15:00 AM,0615,3H15A,1227,3801,San Francisco,38,True,True,G,VEHICLE/PEDESTRAIN,,Thursday,,,F,,False,False,False,,B,PEDESTRIAN,,1,0,CLOUDY,,NO UNUSUAL CONDITIONS - NO UNUSUAL CONDITIONS,,,A,DAYLIGHT,,,,,,,B,CROSSING IN CROSS WALK AT INTERSECTION,,A,21950A,,1,MISSION ST,INGLE,,,A,,,GENEVA AV,,,A,7/25/2024 10:25:59 PM,1/29/2025 8:46:21 AM,,,2,,,,,,,
2686623,220533912,2,False,3801,8/10/2022 11:37:00 AM,1137,4B3D,1227,3801,San Francisco,38,True,True,G,VEHICLE/PEDESTRAIN,,Wednesday,,,,,False,False,False,,B,PEDESTRIAN,,1,0,CLEAR,,NO UNUSUAL CONDITIONS - NO UNUSUAL CONDITIONS,,,A,DAYLIGHT,,,,,,,B,CROSSING IN CROSS WALK AT INTERSECTION,,A,21950A,,1,BERRY ST,TRAFF,,,A,E,10,DE HARO ST,F,,D,7/25/2024 10:25:58 PM,1/29/2025 8:46:21 AM,,,2,,,,,,,
2686619,220554140,2,False,3801,8/12/2022 7:00:00 PM,1900,3A3,1227,3801,San Francisco,38,True,True,G,VEHICLE/PEDESTRAIN,,Friday,,,F,,False,False,False,,B,PEDESTRIAN,,1,0,OTHER,,OTHER* - OTHER*,,,A,DAYLIGHT,,,,,,,B,CROSSING IN CROSS WALK AT INTERSECTION,,A,21950A,,1,BAY ST,CENTR,,,,,,LARKIN ST,,,A,7/25/2024 10:25:57 PM,1/29/2025 8:46:21 AM,,,2,,,,,,,
2686616,220522341,2,False,3801,8/5/2022 9:53:00 PM,2153,3A4,1227,3801,San Francisco,38,True,True,G,VEHICLE/PEDESTRAIN,,Friday,,,,,False,False,False,,B,PEDESTRIAN,,2,0,CLEAR,,NO UNUSUAL CONDITIONS - NO UNUSUAL CONDITIONS,,,C,DARK-STREET LIGHTS,,,,,,,D,CROSSING - NOT IN CROSSWALK,,A,21954B,,1,BROADWAY,CENTR,,,A,,,SANSOME ST,,,A,7/25/2024 10:25:57 PM,1/29/2025 8:46:21 AM,,,2,,,,,,,
2686603,220589385,2,False,3801,8/31/2022 2:45:00 PM,1445,3C1C,1227,3801,San Francisco,38,True,True,G,VEHICLE/PEDESTRAIN,,Wednesday,,,,,False,False,False,,B,PEDESTRIAN,,1,0,CLEAR,,NO UNUSUAL CONDITIONS - NO UNUSUAL CONDITIONS,,,A,DAYLIGHT,,,,,,,E,IN ROAD - INCLUDES SHOULDER,,A,21954A,,1,CESAR CHAVEZ ST,BAYVI,,,A,,,VERMONT ST,,,D,7/25/2024 10:25:54 PM,1/29/2025 8:46:20 AM,,,2,,,,,,,
2686602,220588070,2,False,3801,8/31/2022 5:36:00 AM,0536,3F13E,1227,3801,San Francisco,38,True,True,G,VEHICLE/PEDESTRAIN,,Wednesday,,,,,False,False,False,,B,PEDESTRIAN,,1,0,CLEAR,,NO UNUSUAL CONDITIONS - NO UNUSUAL CONDITIONS,,,C,DARK-STREET LIGHTS,,,,,,,D,CROSSING - NOT IN CROSSWALK,,A,21955,,1,OAK ST,PARK,,,A,,,CENTRAL AVE,,,D,7/25/2024 10:25:54 PM,1/29/2025 8:46:20 AM,,,2,,,,,,,
2686601,220518312,2,False,3801,8/4/2022 12:40:00 PM,1240,3C12D,1227,3801,San Francisco,38,True,True,G,VEHICLE/PEDESTRAIN,,Thursday,,,,,False,False,False,,B,PEDESTRIAN,,1,0,CLEAR,,NO UNUSUAL CONDITIONS - NO UNUSUAL CONDITIONS,,,A,DAYLIGHT,,,,,,,E,IN ROAD - INCLUDES SHOULDER,,A,22108,,1,VENUS ST,BAYVI,,,A,E,214,THORNTON AV,F,,D,7/25/2024 10:25:54 PM,1/29/2025 8:46:20 AM,,,2,,,,,,,
2686555,220571348,2,False,3801,8/24/2022 3:10:00 PM,1510,3115B,1227,3801,San Francisco,38,True,True,G,VEHICLE/PEDESTRAIN,,Wednesday,,,,,False,False,False,,B,PEDESTRIAN,,1,0,CLEAR,,NO UNUSUAL CONDITIONS - NO UNUSUAL CONDITIONS,,,A,DAYLIGHT,,,,,,,B,CROSSING IN CROSS WALK AT INTERSECTION,,D,,,,SUNSET BL,TARAV,,,A,,,YORBA ST,,,A,7/25/2024 10:25:44 PM,1/29/2025 8:46:19 AM,,,2,,,,,,,
2686553,220572471,2,False,3801,8/25/2022 12:50:00 AM,0050,3CAR,1227,3801,San Francisco,38,True,True,G,VEHICLE/PEDESTRAIN,,Thursday,,,F,,False,False,False,,B,PEDESTRIAN,,1,0,FOG/VISIBILITY,,NO UNUSUAL CONDITIONS - NO UNUSUAL CONDITIONS,,,C,DARK-STREET LIGHTS,,,,,,,B,CROSSING IN CROSS WALK AT INTERSECTION,,A,22350,,1,GREAT HWY,TARAV,,,B,,,JUDAH ST,,,D,7/25/2024 10:25:44 PM,1/29/2025 8:46:19 AM,,,2,,,,,,,
2686551,220574295,2,False,3801,8/25/2022 4:13:00 PM,1613,3D2D,1227,3801,San Francisco,38,True,True,B,SIDE SWIPE,,Thursday,,,,,False,False,False,,B,PEDESTRIAN,,1,0,CLEAR,,NO UNUSUAL CONDITIONS - NO UNUSUAL CONDITIONS,,,A,DAYLIGHT,,,,,,,E,IN ROAD - INCLUDES SHOULDER,,A,21954B,,1,CLIPPER ST,MISSI,,,A,W,408,CHURCH ST,F,,A,7/25/2024 10:25:43 PM,1/29/2025 8:46:19 AM,,,2,,,,,,,
2686540,220435409,2,False,3801,7/2/2022 7:50:00 PM,1950,3A14D,1227,3801,San Francisco,38,True,True,D,BROADSIDE,,Saturday,,,,,False,False,False,,B,PEDESTRIAN,,1,0,CLOUDY,,NO UNUSUAL CONDITIONS - NO UNUSUAL CONDITIONS,,,A,DAYLIGHT,,,,,,,E,IN ROAD - INCLUDES SHOULDER,,A,22450A,,1,WASHINGTON ST,CENTR,,,A,,,KEARNY ST,,,D,7/25/2024 10:25:41 PM,1/29/2025 8:46:18 AM,,,2,,,,,,,
2686526,220501339,2,False,3801,7/28/2022 4:04:00 PM,1604,3E13D,1227,3801,San Francisco,38,True,True,E,HIT OBJECT,,Thursday,,,F,,False,False,True,,B,PEDESTRIAN,,1,0,CLEAR,,NO UNUSUAL CONDITIONS - NO UNUSUAL CONDITIONS,,,A,DAYLIGHT,,,,,,,F,NOT IN ROAD,,A,22350A,,1,FRANKLIN ST,NORTH,,,A,,,ELLIS ST,,,A,7/25/2024 10:25:39 PM,1/29/2025 8:46:18 AM,,,2,,,,,,,
2686520,220504985,2,False,3801,7/29/2022 9:16:00 PM,2116,3A5,1227,3801,San Francisco,38,True,True,G,VEHICLE/PEDESTRAIN,,Friday,,,,,False,False,False,,B,PEDESTRIAN,,1,0,CLOUDY,RAINING,NO UNUSUAL CONDITIONS - NO UNUSUAL CONDITIONS,,,C,DARK-STREET LIGHTS,,,,,,,D,CROSSING - NOT IN CROSSWALK,,A,21955,,1,THE EMBARCADERO,CENTR,,,B,N,153,WASHINGTON ST,F,,A,7/25/2024 10:25:37 PM,1/29/2025 8:46:17 AM,,,2,,,,,,,
2686518,220502638,2,False,3801,7/29/2022 3:33:00 AM,0333,3A13E,1227,3801,San Francisco,38,True,True,A,HEAD-ON,,Friday,,,,,False,False,False,,B,PEDESTRIAN,,1,0,CLEAR,,NO UNUSUAL CONDITIONS - NO UNUSUAL CONDITIONS,,,C,DARK-STREET LIGHTS,,,,,,,D,CROSSING - NOT IN CROSSWALK,,A,21950B,,1,BUSH ST,CENTR,,,B,,,HYDE ST,,,D,7/25/2024 10:25:37 PM,1/29/2025 8:46:17 AM,,,2,,,,,,,
2686515,220505165,2,False,3801,7/29/2022 11:42:00 PM,2342,3H16E,1227,3801,San Francisco,38,True,True,G,VEHICLE/PEDESTRAIN,,Friday,,,,,False,False,False,,B,PEDESTRIAN,,1,0,CLOUDY,OTHER,NO UNUSUAL CONDITIONS - NO UNUSUAL CONDITIONS,,,C,DARK-STREET LIGHTS,,,,,,,B,CROSSING IN CROSS WALK AT INTERSECTION,,A,21950A,,1,MISSION ST,INGLE,,,B,,,GENEVA AV,,,A,7/25/2024 10:25:37 PM,1/29/2025 8:46:17 AM,,,2,,,,,,,
2686479,220534807,2,False,3801,8/10/2022 3:03:00 PM,1503,B1,1227,3801,San Francisco,38,True,True,G,VEHICLE/PEDESTRAIN,,Wednesday,,,,,False,False,False,,B,PEDESTRIAN,,1,0,CLEAR,,NO UNUSUAL CONDITIONS - NO UNUSUAL CONDITIONS,,,A,DAYLIGHT,,,,,,,B,CROSSING IN CROSS WALK AT INTERSECTION,,A,21950A,,1,MISSION ST,SOUTH,,,A,,,NEW MONTGOMERY ST,,,A,7/25/2024 10:25:30 PM,1/29/2025 8:46:16 AM,,,2,,,,,,,
2686473,220530758,2,False,3801,8/9/2022 10:38:00 AM,1038,COJ4CA,1227,3801,San Francisco,38,True,True,F,OVERTURNED,,Tuesday,,,,,False,False,True,,E,PARKED MOTOR VEHICLE,,1,0,CLEAR,,NO UNUSUAL CONDITIONS - NO UNUSUAL CONDITIONS,,,A,DAYLIGHT,,,,,,,,,,A,22350,,1,EDDY ST,TENDE,,,A,E,25,LEAVENWORTH ST,F,,A,7/25/2024 10:25:29 PM,1/29/2025 8:46:16 AM,,,2,,,,,,,
2686464,220542361,2,False,3801,8/13/2022 2:00:00 PM,1400,3I41,1227,3801,San Francisco,38,True,True,G,VEHICLE/PEDESTRAIN,,Saturday,,,,,False,False,False,,B,PEDESTRIAN,,1,0,CLEAR,,NO UNUSUAL CONDITIONS - NO UNUSUAL CONDITIONS,,,A,DAYLIGHT,,,,,,,D,CROSSING - NOT IN CROSSWALK,,A,21954A,,1,IRVING ST,TARAV,,,A,,,IRVING ST 2050,,,D,7/25/2024 10:25:27 PM,1/29/2025 8:46:16 AM,,,2,,,,,,,
2686461,220546921,2,False,3801,8/16/2022 1:14:00 PM,1314,B3,1227,3801,San Francisco,38,True,True,G,VEHICLE/PEDESTRAIN,,Tuesday,,,F,,False,False,False,,B,PEDESTRIAN,,1,0,CLEAR,,NO UNUSUAL CONDITIONS - NO UNUSUAL CONDITIONS,,,A,DAYLIGHT,,,,,,,E,IN ROAD - INCLUDES SHOULDER,,A,21954A,,1,NATOMA ST,SOUTH,,,A,,,7TH ST,,,A,7/25/2024 10:25:27 PM,1/29/2025 8:46:16 AM,,,2,,,,,,,
2686456,220541034,2,False,3801,8/12/2022 8:51:00 PM,2051,3D13D,1227,3801,San Francisco,38,True,True,G,VEHICLE/PEDESTRAIN,,Friday,,,,,False,False,False,,B,PEDESTRIAN,,1,0,CLEAR,,NO UNUSUAL CONDITIONS - NO UNUSUAL CONDITIONS,,,C,DARK-STREET LIGHTS,,,,,,,B,CROSSING IN CROSS WALK AT INTERSECTION,,A,21950A,,1,22ND ST,MISSI,,,A,,,GUERRERO ST,,,A,7/25/2024 10:25:26 PM,1/29/2025 8:46:15 AM,,,2,,,,,,,