Collision Id,Report Number,Report Version,Is Preliminary,NCIC Code,Crash Date Time,Crash Time Description,Beat,City Id,City Code,City Name,County Code,City Is Active,City Is Incorporated,Collision Type Code,Collision Type Description,Collision Type Other Desc,Day Of Week,DispatchNotified,HasPhotographs,HitRun,IsAttachmentsMailed,IsDeleted,IsHighwayRelated,IsTowAway,JudicialDistrict,MotorVehicleInvolvedWithCode,MotorVehicleInvolvedWithDesc,MotorVehicleInvolvedWithOtherDesc,NumberInjured,NumberKilled,Weather 1,Weather 2,Road Condition 1,Road Condition 2,Special Condition,LightingCode,LightingDescription,Latitude,Longitude,MilepostDirection,MilepostDistance,MilepostMarker,MilepostUnitOfMeasure,PedestrianActionCode,PedestrianActionDesc,PreparedDate,Primary Collision Factor Code,Primary Collision Factor Violation,PrimaryCollisionFactorIsCited,PrimaryCollisionPartyNumber,PrimaryRoad,ReportingDistrict,ReportingDistrictCode,ReviewedDate,RoadwaySurfaceCode,SecondaryDirection,SecondaryDistance,SecondaryRoad,SecondaryUnitOfMeasure,SketchDesc,TrafficControlDeviceCode,CreatedDate,ModifiedDate,IsCountyRoad,IsFreeway,CHP555Version,IsAdditonalObjectStruck,NotificationDate,NotificationTimeDescription,HasDigitalMediaFiles,EvidenceNumber,IsLocationReferToNarrative,IsAOIOneSameAsLocation
2686450,220568414,2,False,3801,8/23/2022 3:46:00 PM,1546,3A91G,1227,3801,San Francisco,38,True,True,G,VEHICLE/PEDESTRAIN,,Tuesday,,,,,False,False,False,,B,PEDESTRIAN,,1,0,CLEAR,,NO UNUSUAL CONDITIONS - NO UNUSUAL CONDITIONS,,,A,DAYLIGHT,,,,,,,B,CROSSING IN CROSS WALK AT INTERSECTION,,A,21950A,,1,POWELL ST,CENTR,,,A,,,GEARY ST,,,A,7/25/2024 10:25:24 PM,1/29/2025 8:46:15 AM,,,2,,,,,,,
2686447,220560539,2,False,3801,8/20/2022 11:20:00 AM,1120,3I1A,1227,3801,San Francisco,38,True,True,G,VEHICLE/PEDESTRAIN,,Saturday,,,,,False,False,False,,B,PEDESTRIAN,,1,0,CLEAR,,NO UNUSUAL CONDITIONS - NO UNUSUAL CONDITIONS,,,A,DAYLIGHT,,,,,,,E,IN ROAD - INCLUDES SHOULDER,,A,21950B,,1,15TH AV,TARAV,,,A,N,300,TARAVAL ST,F,,D,7/25/2024 10:25:24 PM,1/29/2025 8:46:15 AM,,,2,,,,,,,
2686443,220526688,2,False,3801,8/7/2022 5:28:00 PM,1728,3D15D,1227,3801,San Francisco,38,True,True,G,VEHICLE/PEDESTRAIN,,Sunday,,,,,False,False,False,,B,PEDESTRIAN,,1,0,CLEAR,,NO UNUSUAL CONDITIONS - NO UNUSUAL CONDITIONS,,,A,DAYLIGHT,,,,,,,D,CROSSING - NOT IN CROSSWALK,,A,21954A,,,MISSION ST,MISSI,,,A,,,15TH ST,,,A,7/25/2024 10:25:23 PM,1/29/2025 8:46:15 AM,,,2,,,,,,,
2686436,220557467,2,False,3801,8/19/2022 9:20:00 AM,0920,3J12A,1227,3801,San Francisco,38,True,True,G,VEHICLE/PEDESTRAIN,,Friday,,,,,False,False,False,,B,PEDESTRIAN,,1,0,CLEAR,,NO UNUSUAL CONDITIONS - NO UNUSUAL CONDITIONS,,,A,DAYLIGHT,,,,,,,F,NOT IN ROAD,,A,22350,,1,JONES ST,TENDE,,,A,S,121,TURK ST,F,,D,7/25/2024 10:25:22 PM,1/29/2025 8:46:15 AM,,,2,,,,,,,
2686421,220552990,2,False,3801,8/17/2022 3:25:00 PM,1525,3H12D,1227,3801,San Francisco,38,True,True,B,SIDE SWIPE,,Wednesday,,,F,,False,False,False,,B,PEDESTRIAN,,2,0,CLEAR,,NO UNUSUAL CONDITIONS - NO UNUSUAL CONDITIONS,,,A,DAYLIGHT,,,,,,,E,IN ROAD - INCLUDES SHOULDER,,A,21954B,,1,OCEAN AV,INGLE,,,A,W,90,ALEMANY BL,F,,D,7/25/2024 10:25:19 PM,1/29/2025 8:46:14 AM,,,2,,,,,,,
2686418,220550825,2,False,3801,8/16/2022 7:03:00 PM,1903,3H14D,1227,3801,San Francisco,38,True,True,G,VEHICLE/PEDESTRAIN,,Tuesday,,,,,False,False,False,,B,PEDESTRIAN,,1,0,CLEAR,,NO UNUSUAL CONDITIONS - NO UNUSUAL CONDITIONS,,,A,DAYLIGHT,,,,,,,B,CROSSING IN CROSS WALK AT INTERSECTION,,A,21950,,1,MONTEREY BL,INGLE,,,A,,,BADEN ST,,,D,7/25/2024 10:25:18 PM,1/29/2025 8:46:14 AM,,,2,,,,,,,
2686342,220581416,2,False,3801,8/28/2022 1:17:00 PM,1317,3C15A,1227,3801,San Francisco,38,True,True,C,REAR END,,Sunday,,,,,False,False,False,,J,OTHER OBJECT,,0,0,CLEAR,,NO UNUSUAL CONDITIONS - NO UNUSUAL CONDITIONS,,,A,DAYLIGHT,,,,,,,,,,A,22106,,1,18TH ST,BAYVI,,,,E,80,CONNECTICUT ST,F,,A,7/25/2024 10:25:03 PM,1/29/2025 8:46:12 AM,,,2,,,,,,,
2686046,220325305,2,False,3801,5/18/2022 3:01:00 PM,1501,3B12A,1227,3801,San Francisco,38,True,True,B,SIDE SWIPE,,Wednesday,,,,,False,False,False,,B,PEDESTRIAN,,2,0,CLEAR,,NO UNUSUAL CONDITIONS - NO UNUSUAL CONDITIONS,,,A,DAYLIGHT,,,,,,,B,CROSSING IN CROSS WALK AT INTERSECTION,,A,21950A,,1,BRYANT ST,SOUTH,,,A,,,4TH ST,,,D,7/25/2024 10:24:14 PM,1/29/2025 8:46:02 AM,,,2,,,,,,,
2685882,220585543,2,False,3801,8/30/2022 7:37:00 AM,0737,3C4A,1227,3801,San Francisco,38,True,True,G,VEHICLE/PEDESTRAIN,,Tuesday,,,,,False,False,False,,B,PEDESTRIAN,,1,0,CLEAR,,NO UNUSUAL CONDITIONS - NO UNUSUAL CONDITIONS,,,A,DAYLIGHT,,,,,,,B,CROSSING IN CROSS WALK AT INTERSECTION,,A,21950A,,1,BACON ST,BAYVI,,,A,,,SOMERSET ST,,,D,7/25/2024 10:23:46 PM,1/29/2025 8:45:56 AM,,,2,,,,,,,
2685876,220399601,2,False,3801,6/18/2022 11:03:00 AM,1103,4B1D,1227,3801,San Francisco,38,True,True,D,BROADSIDE,,Saturday,,,,,False,True,True,,C,OTHER MOTOR VEHICLE,,7,0,CLEAR,,NO UNUSUAL CONDITIONS - NO UNUSUAL CONDITIONS,,,A,DAYLIGHT,,,,,,,,,,A,23152G,,1,RT 101,TRAFF,,,A,,,FILLMORE ST,,,A,7/25/2024 10:23:45 PM,1/29/2025 8:45:56 AM,,,2,,,,,,,
2685843,220558409,2,False,3801,8/19/2022 3:27:00 PM,1527,3G15D,1227,3801,San Francisco,38,True,True,G,VEHICLE/PEDESTRAIN,,Friday,,,,,False,False,False,,B,PEDESTRIAN,,1,0,CLEAR,,NO UNUSUAL CONDITIONS - NO UNUSUAL CONDITIONS,,,A,DAYLIGHT,,,,,,,B,CROSSING IN CROSS WALK AT INTERSECTION,,A,21950A,,1,CLEMENT ST,RICHM,,,A,E,3,19TH AV,F,,D,7/25/2024 10:23:39 PM,1/29/2025 8:45:55 AM,,,2,,,,,,,
2682610,220767939,2,False,3801,11/8/2022 6:27:00 AM,0627,G3,1227,3801,San Francisco,38,True,True,G,VEHICLE/PEDESTRAIN,,Tuesday,,,,,False,False,False,,B,PEDESTRIAN,,1,0,CLOUDY,RAINING,NO UNUSUAL CONDITIONS - NO UNUSUAL CONDITIONS,,,C,DARK-STREET LIGHTS,,,,,,,B,CROSSING IN CROSS WALK AT INTERSECTION,,A,21453D,,1,PARK PRESIDIO BL,RICHM,,,B,,,GEARY BL,,,A,7/25/2024 10:14:39 PM,1/29/2025 8:44:14 AM,,,2,,,,,,,
2682606,220750677,2,False,3801,10/31/2022 11:36:00 PM,2336,3E15E,1227,3801,San Francisco,38,True,True,G,VEHICLE/PEDESTRAIN,,Monday,,,F,,False,True,False,,B,PEDESTRIAN,,1,0,CLEAR,,NO UNUSUAL CONDITIONS - NO UNUSUAL CONDITIONS,,,C,DARK-STREET LIGHTS,,,,,,,E,IN ROAD - INCLUDES SHOULDER,,A,22350,,1,LOMBARD ST,NORTH,,,A,,,DIVISADERO ST,,,A,7/25/2024 10:14:38 PM,1/29/2025 8:44:13 AM,,,2,,,,,,,
2681109,220166115,2,False,3801,3/12/2022 11:22:00 PM,2322,J4,1227,3801,San Francisco,38,True,True,A,HEAD-ON,,Saturday,,,F,,False,False,True,,B,PEDESTRIAN,,1,0,CLOUDY,,NO UNUSUAL CONDITIONS - NO UNUSUAL CONDITIONS,,,C,DARK-STREET LIGHTS,,,,,,,E,IN ROAD - INCLUDES SHOULDER,,A,22350,,1,TURK ST,TENDE,,,A,E,108,LEAVENWORTH ST,F,,D,7/25/2024 10:10:24 PM,1/29/2025 8:43:19 AM,,,2,,,,,,,
2700416,220731586,2,False,3801,10/24/2022 10:50:00 AM,1050,4B2E,1227,3801,San Francisco,38,True,True,G,VEHICLE/PEDESTRAIN,,Monday,,,,,False,False,True,,B,PEDESTRIAN,,3,1,CLEAR,,NO UNUSUAL CONDITIONS - NO UNUSUAL CONDITIONS,,,A,DAYLIGHT,,,,,,,B,CROSSING IN CROSS WALK AT INTERSECTION,,A,23152,,1,SANTIAGO ST,TRAFF,,,A,E,13,24TH ST,F,,A,7/26/2024 8:25:00 AM,1/29/2025 8:54:07 AM,,,2,,,,,,,
2699403,220067983,2,False,3801,1/31/2022 9:00:00 AM,0900,,1227,3801,San Francisco,38,True,True,G,VEHICLE/PEDESTRAIN,,Monday,,,,,False,False,False,,B,PEDESTRIAN,,1,0,CLEAR,,NO UNUSUAL CONDITIONS - NO UNUSUAL CONDITIONS,,,A,DAYLIGHT,,,,,,,E,IN ROAD - INCLUDES SHOULDER,,A,21954A,,1,POWELL ST,CENTR,,,A,S,18,CLAY ST,F,,A,7/25/2024 11:04:17 PM,1/29/2025 8:53:43 AM,,,2,,,,,,,
2693842,220082072,2,False,3801,2/5/2022 10:13:00 PM,2213,3J12E,1227,3801,San Francisco,38,True,True,G,VEHICLE/PEDESTRAIN,,Saturday,,,F,,False,False,False,,B,PEDESTRIAN,,1,0,CLEAR,,NO UNUSUAL CONDITIONS - NO UNUSUAL CONDITIONS,,,C,DARK-STREET LIGHTS,,,,,,,B,CROSSING IN CROSS WALK AT INTERSECTION,,A,24153A,,1,6TH ST,TENDE,,,A,,,JESSIE ST,,,A,7/25/2024 10:47:18 PM,1/29/2025 8:50:27 AM,,,2,,,,,,,
2692955,220751437,2,False,3801,11/1/2022 11:02:00 AM,1102,,1227,3801,San Francisco,38,True,True,G,VEHICLE/PEDESTRAIN,,Tuesday,,,,,False,False,False,,B,PEDESTRIAN,,3,0,RAINING,,NO UNUSUAL CONDITIONS - NO UNUSUAL CONDITIONS,,,A,DAYLIGHT,,,,,,,B,CROSSING IN CROSS WALK AT INTERSECTION,,A,21453A,,1,POTRERO AV,MISSI,,,B,,,25TH ST,,,A,7/25/2024 10:44:39 PM,1/29/2025 8:49:55 AM,,,2,,,,,,,
2692878,220623961,2,False,3801,9/13/2022 8:41:00 AM,0841,3H60,1227,3801,San Francisco,38,True,True,G,VEHICLE/PEDESTRAIN,,Tuesday,,,,,False,False,False,,B,PEDESTRIAN,,1,0,CLEAR,CLOUDY,NO UNUSUAL CONDITIONS - NO UNUSUAL CONDITIONS,,,A,DAYLIGHT,,,,,,,B,CROSSING IN CROSS WALK AT INTERSECTION,,A,21950B,,2,SENECA AV,INGLE,,,A,,,CAYUGA AV,,,D,7/25/2024 10:44:25 PM,1/29/2025 8:49:52 AM,,,2,,,,,,,
2692729,220767020,2,False,3801,11/7/2022 4:15:00 PM,1615,3,1227,3801,San Francisco,38,True,True,D,BROADSIDE,,Monday,,,M,,False,False,False,,B,PEDESTRIAN,,0,0,CLOUDY,,NO UNUSUAL CONDITIONS - NO UNUSUAL CONDITIONS,,,A,DAYLIGHT,,,,,,,B,CROSSING IN CROSS WALK AT INTERSECTION,,A,21950A,,1,FOLSOM ST,SOUTH,,,A,,,SHERMAN ST,,,A,7/25/2024 10:44:01 PM,1/29/2025 8:49:47 AM,,,2,,,,,,,
2692663,220696924,2,False,3801,10/10/2022 4:29:00 PM,1629,3B13D,1227,3801,San Francisco,38,True,True,G,VEHICLE/PEDESTRAIN,,Monday,,,,,False,False,False,,B,PEDESTRIAN,,1,0,CLOUDY,,NO UNUSUAL CONDITIONS - NO UNUSUAL CONDITIONS,,,A,DAYLIGHT,,,,,,,B,CROSSING IN CROSS WALK AT INTERSECTION,,A,21456C,,1,1ST ST,SOUTH,,,A,,,NATOMA ST,,,A,7/25/2024 10:43:48 PM,1/29/2025 8:49:45 AM,,,2,,,,,,,
2692658,220745844,2,False,3801,10/29/2022 8:41:00 PM,2041,3D16D,1227,3801,San Francisco,38,True,True,A,HEAD-ON,,Saturday,,,,,False,False,False,,B,PEDESTRIAN,,2,0,CLEAR,,NO UNUSUAL CONDITIONS - NO UNUSUAL CONDITIONS,,,C,DARK-STREET LIGHTS,,,,,,,B,CROSSING IN CROSS WALK AT INTERSECTION,,A,22350,,1,POTRERO AV,MISSI,,,A,,,24TH ST,,,A,7/25/2024 10:43:47 PM,1/29/2025 8:49:45 AM,,,2,,,,,,,
2692652,220746068,2,False,3801,10/29/2022 11:11:00 PM,2311,,1227,3801,San Francisco,38,True,True,G,VEHICLE/PEDESTRAIN,,Saturday,,,F,,False,False,False,,B,PEDESTRIAN,,1,0,CLOUDY,,NO UNUSUAL CONDITIONS - NO UNUSUAL CONDITIONS,,,C,DARK-STREET LIGHTS,,,,,,,D,CROSSING - NOT IN CROSSWALK,,A,21955,,1,BROADWAY ST,NORTH,,,A,W,50,VAN NESS AV,F,,D,7/25/2024 10:43:46 PM,1/29/2025 8:49:45 AM,,,2,,,,,,,
2692600,220789892,2,False,3801,11/16/2022 5:39:00 PM,1739,3E11D,1227,3801,San Francisco,38,True,True,G,VEHICLE/PEDESTRAIN,,Wednesday,,,,,False,False,False,,B,PEDESTRIAN,,1,0,CLEAR,,NO UNUSUAL CONDITIONS - NO UNUSUAL CONDITIONS,,,B,DUSK-DAWN,,,,,,,B,CROSSING IN CROSS WALK AT INTERSECTION,,A,21453A,,1,MCALLISTER ST,NORTH,,,A,,,VAN NESS AV,,,A,7/25/2024 10:43:35 PM,1/29/2025 8:49:43 AM,,,2,,,,,,,
2692598,220790689,2,False,3801,11/17/2022 12:59:00 AM,0059,E1,1227,3801,San Francisco,38,True,True,G,VEHICLE/PEDESTRAIN,,Thursday,,,,,False,False,False,,B,PEDESTRIAN,,1,0,CLEAR,CLOUDY,NO UNUSUAL CONDITIONS - NO UNUSUAL CONDITIONS,,,C,DARK-STREET LIGHTS,,,,,,,B,CROSSING IN CROSS WALK AT INTERSECTION,,A,21453D,,1,HAYES ST,NORTH,,,A,,,FILLMORE ST,,,A,7/25/2024 10:43:34 PM,1/29/2025 8:49:43 AM,,,2,,,,,,,
2692597,220792362,2,False,3801,11/17/2022 5:33:00 PM,1733,3E4,1227,3801,San Francisco,38,True,True,D,BROADSIDE,,Thursday,,,,,False,False,True,,C,OTHER MOTOR VEHICLE,,1,0,CLEAR,,NO UNUSUAL CONDITIONS - NO UNUSUAL CONDITIONS,,,B,DUSK-DAWN,,,,,,,B,CROSSING IN CROSS WALK AT INTERSECTION,,A,21453A,,1,CALIFORNIA ST,NORTH,,,A,,,STEINER ST,,,A,7/25/2024 10:43:34 PM,1/29/2025 8:49:43 AM,,,2,,,,,,,
2692596,220792152,2,False,3801,11/17/2022 4:03:00 PM,1603,C4,1227,3801,San Francisco,38,True,True,D,BROADSIDE,,Thursday,,,,,False,False,False,,B,PEDESTRIAN,,1,0,CLEAR,,NO UNUSUAL CONDITIONS - NO UNUSUAL CONDITIONS,,,A,DAYLIGHT,,,,,,,D,CROSSING - NOT IN CROSSWALK,,A,21954A,,1,WOOLSEY ST,BAYVI,,,A,,,GIRARD ST,,,A,7/25/2024 10:43:34 PM,1/29/2025 8:49:43 AM,,,2,,,,,,,
2692594,220792685,2,False,3801,11/17/2022 7:33:00 PM,1933,5CAR,1227,3801,San Francisco,38,True,True,A,HEAD-ON,,Thursday,,,,,False,False,False,,B,PEDESTRIAN,,1,0,CLEAR,,NO UNUSUAL CONDITIONS - NO UNUSUAL CONDITIONS,,,C,DARK-STREET LIGHTS,,,,,,,B,CROSSING IN CROSS WALK AT INTERSECTION,,A,21954A,,1,19TH AV,TARAV,,,A,,,CRESPI DR,,,A,7/25/2024 10:43:33 PM,1/29/2025 8:49:43 AM,,,2,,,,,,,
2692593,220786020,2,False,3801,11/15/2022 11:02:00 AM,1102,3D14A,1227,3801,San Francisco,38,True,True,D,BROADSIDE,,Tuesday,,,,,False,False,False,,J,OTHER OBJECT,,1,0,CLEAR,,NO UNUSUAL CONDITIONS - NO UNUSUAL CONDITIONS,,,A,DAYLIGHT,,,,,,,,,,A,,,1,DOLORES ST,MISSI,,,A,,,20TH ST,,,A,7/25/2024 10:43:33 PM,1/29/2025 8:49:43 AM,,,2,,,,,,,
2692586,220786741,2,False,3801,11/15/2022 3:34:00 PM,1534,E5,1227,3801,San Francisco,38,True,True,G,VEHICLE/PEDESTRAIN,,Tuesday,,,,,False,False,False,,B,PEDESTRIAN,,1,0,CLEAR,,NO UNUSUAL CONDITIONS - NO UNUSUAL CONDITIONS,,,A,DAYLIGHT,,,,,,,B,CROSSING IN CROSS WALK AT INTERSECTION,,A,22106,,1,STEINER ST,NORTH,,,A,,,GREENWICH ST,,,D,7/25/2024 10:43:32 PM,1/29/2025 8:49:43 AM,,,2,,,,,,,
2692584,220788258,2,False,3801,11/16/2022 8:50:00 AM,0850,3II5A,1227,3801,San Francisco,38,True,True,G,VEHICLE/PEDESTRAIN,,Wednesday,,,,,False,False,False,,B,PEDESTRIAN,,1,0,CLEAR,,NO UNUSUAL CONDITIONS - NO UNUSUAL CONDITIONS,,,A,DAYLIGHT,,,,,,,B,CROSSING IN CROSS WALK AT INTERSECTION,,A,21950A,,1,LAWTON ST,TARAV,,,A,,,22ND AV,,,D,7/25/2024 10:43:31 PM,1/29/2025 8:49:43 AM,,,2,,,,,,,
2692579,220818601,2,False,3801,11/28/2022 5:18:00 PM,1718,3H13D,1227,3801,San Francisco,38,True,True,H,OTHER,,Monday,,,,,False,False,False,,B,PEDESTRIAN,,1,0,CLEAR,,NO UNUSUAL CONDITIONS - NO UNUSUAL CONDITIONS,,,C,DARK-STREET LIGHTS,,,,,,,D,CROSSING - NOT IN CROSSWALK,,A,21954A,,1,SILVER AV,INGLE,,,A,E,20,NAPLES ST,F,,D,7/25/2024 10:43:30 PM,1/29/2025 8:49:43 AM,,,2,,,,,,,
2692577,220819182,2,False,3801,11/28/2022 10:48:00 PM,2248,3C90A,1227,3801,San Francisco,38,True,True,G,VEHICLE/PEDESTRAIN,,Monday,,,,,False,False,False,,B,PEDESTRIAN,,1,0,CLEAR,,NO UNUSUAL CONDITIONS - NO UNUSUAL CONDITIONS,,,C,DARK-STREET LIGHTS,,,,,,,B,CROSSING IN CROSS WALK AT INTERSECTION,,A,21950,,1,QUESADA AV,BAYVI,,,A,,,3RD ST,,,A,7/25/2024 10:43:30 PM,1/29/2025 8:49:43 AM,,,2,,,,,,,
2692573,220815908,2,False,3801,11/27/2022 5:03:00 PM,1703,3A14D,1227,3801,San Francisco,38,True,True,H,OTHER,,Sunday,,,F,,False,False,False,,B,PEDESTRIAN,,1,0,CLEAR,,NO UNUSUAL CONDITIONS - NO UNUSUAL CONDITIONS,,,C,DARK-STREET LIGHTS,,,,,,,E,IN ROAD - INCLUDES SHOULDER,,A,22350,,1,STOCKTON ST,CENTR,,,A,N,24,WASHINGTON ST,F,,A,7/25/2024 10:43:29 PM,1/29/2025 8:49:42 AM,,,2,,,,,,,
2692572,220813833,2,False,3801,11/26/2022 3:28:00 PM,1528,3J14D,1227,3801,San Francisco,38,True,True,G,VEHICLE/PEDESTRAIN,,Saturday,,,,,False,False,False,,B,PEDESTRIAN,,1,0,CLEAR,,NO UNUSUAL CONDITIONS - NO UNUSUAL CONDITIONS,,,A,DAYLIGHT,,,,,,,E,IN ROAD - INCLUDES SHOULDER,,A,21750A,,1,EDDY ST,TENDE,,,A,W,100,LEAVENWORTH ST,F,,A,7/25/2024 10:43:29 PM,1/29/2025 8:49:42 AM,,,2,,,,,,,
2692566,220766862,2,False,3801,11/7/2022 4:44:00 PM,1644,2,1227,3801,San Francisco,38,True,True,G,VEHICLE/PEDESTRAIN,,Monday,,,,,False,False,False,,B,PEDESTRIAN,,1,0,CLEAR,,NO UNUSUAL CONDITIONS - NO UNUSUAL CONDITIONS,,,A,DAYLIGHT,,,,,,,B,CROSSING IN CROSS WALK AT INTERSECTION,,A,21950A,,1,WEBSTER ST,NORTH,,,A,S,18,TURK ST,F,,A,7/25/2024 10:43:27 PM,1/29/2025 8:49:42 AM,,,2,,,,,,,
2692561,220765256,2,False,3801,11/6/2022 10:47:00 PM,2247,4,1227,3801,San Francisco,38,True,True,G,VEHICLE/PEDESTRAIN,,Sunday,,,F,,False,False,False,,B,PEDESTRIAN,,1,0,RAINING,,NO UNUSUAL CONDITIONS - NO UNUSUAL CONDITIONS,,,C,DARK-STREET LIGHTS,,,,,,,D,CROSSING - NOT IN CROSSWALK,,A,21950B,,1,GEARY BL,RICHM,,,B,E,112,18TH AV,F,,D,7/25/2024 10:43:26 PM,1/29/2025 8:49:42 AM,,,2,,,,,,,
2692554,220775001,2,False,3801,11/10/2022 7:20:00 PM,1920,901,1227,3801,San Francisco,38,True,True,G,VEHICLE/PEDESTRAIN,,Thursday,,,,,False,False,False,,B,PEDESTRIAN,,1,0,CLEAR,,NO UNUSUAL CONDITIONS - NO UNUSUAL CONDITIONS,,,B,DUSK-DAWN,,,,,,,D,CROSSING - NOT IN CROSSWALK,,A,21950B,,1,11TH AV,RICHM,,,A,,,CALIFORNIA ST,,,A,7/25/2024 10:43:25 PM,1/29/2025 8:49:42 AM,,,2,,,,,,,
2692549,220773055,2,False,3801,11/10/2022 8:04:00 AM,0804,3A44,1227,3801,San Francisco,38,True,True,H,OTHER,,Thursday,,,,,False,False,False,,,,,1,0,CLEAR,,NO UNUSUAL CONDITIONS - NO UNUSUAL CONDITIONS,,,A,DAYLIGHT,,,,,,,B,CROSSING IN CROSS WALK AT INTERSECTION,,A,21453A,,1,STOCKTON ST,CENTR,,,A,,,CLAY ST,,,A,7/25/2024 10:43:24 PM,1/29/2025 8:49:42 AM,,,2,,,,,,,
2692542,220772518,2,False,3801,11/9/2022 9:20:00 PM,2120,3D14E,1227,3801,San Francisco,38,True,True,G,VEHICLE/PEDESTRAIN,,Wednesday,,,F,,False,False,False,,B,PEDESTRIAN,,1,0,CLEAR,,NO UNUSUAL CONDITIONS - NO UNUSUAL CONDITIONS,,,C,DARK-STREET LIGHTS,,,,,,,,,,A,22350,,1,24TH ST,MISSI,,,A,E,70,MISSION ST,F,,A,7/25/2024 10:43:23 PM,1/29/2025 8:49:41 AM,,,2,,,,,,,
2692541,220757968,2,False,3801,11/3/2022 12:00:00 AM,2500,3J5,1227,3801,San Francisco,38,True,True,G,VEHICLE/PEDESTRAIN,,Thursday,,,,,False,False,False,,B,PEDESTRIAN,,1,0,CLEAR,,NO UNUSUAL CONDITIONS - NO UNUSUAL CONDITIONS,,,A,DAYLIGHT,,,,,,,B,CROSSING IN CROSS WALK AT INTERSECTION,,A,21950A,,1,ELLIS ST,TENDE,,,A,W,5,HYDE ST,F,,A,7/25/2024 10:43:22 PM,1/29/2025 8:49:41 AM,,,2,,,,,,,
2692540,220760745,2,False,3801,11/4/2022 7:43:00 PM,1943,3J4,1227,3801,San Francisco,38,True,True,G,VEHICLE/PEDESTRAIN,,Friday,,,,,False,False,False,,B,PEDESTRIAN,,1,0,CLEAR,,NO UNUSUAL CONDITIONS - NO UNUSUAL CONDITIONS,,,C,DARK-STREET LIGHTS,,,,,,,D,CROSSING - NOT IN CROSSWALK,,A,21955,,1,EDDY ST,TENDE,,,B,W,110,JONES ST,F,,D,7/25/2024 10:43:22 PM,1/29/2025 8:49:41 AM,,,2,,,,,,,
2690434,220591528,2,False,3801,9/1/2022 11:09:00 AM,1109,3D11A,1227,3801,San Francisco,38,True,True,G,VEHICLE/PEDESTRAIN,,Thursday,,,M,,False,False,False,,B,PEDESTRIAN,,0,0,CLEAR,,NO UNUSUAL CONDITIONS - NO UNUSUAL CONDITIONS,,,A,DAYLIGHT,,,,,,,E,IN ROAD - INCLUDES SHOULDER,,A,28180,,1,24TH ST,MISSI,,,A,W,33,S VAN NESS AV,F,,A,7/25/2024 10:37:15 PM,1/29/2025 8:48:31 AM,,,2,,,,,,,
2690433,220608076,2,False,3801,9/7/2022 11:29:00 AM,1129,3D12C,1227,3801,San Francisco,38,True,True,G,VEHICLE/PEDESTRAIN,,Wednesday,,,,,False,False,True,,B,PEDESTRIAN,,1,0,CLEAR,,NO UNUSUAL CONDITIONS - NO UNUSUAL CONDITIONS,,,A,DAYLIGHT,,,,,,,B,CROSSING IN CROSS WALK AT INTERSECTION,,A,21950A,,1,CLIPPER ST,MISSI,,,A,,,CASTRO ST,,,A,7/25/2024 10:37:15 PM,1/29/2025 8:48:31 AM,,,2,,,,,,,
2690430,220662276,2,False,3801,9/27/2022 5:21:00 PM,1721,,1227,3801,San Francisco,38,True,True,A,HEAD-ON,,Tuesday,,,,,False,True,False,,B,PEDESTRIAN,,1,0,CLEAR,,NO UNUSUAL CONDITIONS - NO UNUSUAL CONDITIONS,,,A,DAYLIGHT,,,,,,,D,CROSSING - NOT IN CROSSWALK,,A,21955,,1,VAN NESS AV,NORTH,,,A,S,45,POST ST,F,,A,7/25/2024 10:37:12 PM,1/29/2025 8:48:31 AM,,,2,,,,,,,
2690417,220644199,2,False,3801,9/21/2022 12:08:00 AM,0008,G4,1227,3801,San Francisco,38,True,True,A,HEAD-ON,,Wednesday,,,,,False,False,False,,B,PEDESTRIAN,,1,0,CLEAR,,NO UNUSUAL CONDITIONS - NO UNUSUAL CONDITIONS,,,C,DARK-STREET LIGHTS,,,,,,,D,CROSSING - NOT IN CROSSWALK,,A,21954A,,1,FULTON ST,RICHM,,,A,E,65,27TH AV,F,,D,7/25/2024 10:37:10 PM,1/29/2025 8:48:30 AM,,,2,,,,,,,