Collision Id,Report Number,Report Version,Is Preliminary,NCIC Code,Crash Date Time,Crash Time Description,Beat,City Id,City Code,City Name,County Code,City Is Active,City Is Incorporated,Collision Type Code,Collision Type Description,Collision Type Other Desc,Day Of Week,DispatchNotified,HasPhotographs,HitRun,IsAttachmentsMailed,IsDeleted,IsHighwayRelated,IsTowAway,JudicialDistrict,MotorVehicleInvolvedWithCode,MotorVehicleInvolvedWithDesc,MotorVehicleInvolvedWithOtherDesc,NumberInjured,NumberKilled,Weather 1,Weather 2,Road Condition 1,Road Condition 2,Special Condition,LightingCode,LightingDescription,Latitude,Longitude,MilepostDirection,MilepostDistance,MilepostMarker,MilepostUnitOfMeasure,PedestrianActionCode,PedestrianActionDesc,PreparedDate,Primary Collision Factor Code,Primary Collision Factor Violation,PrimaryCollisionFactorIsCited,PrimaryCollisionPartyNumber,PrimaryRoad,ReportingDistrict,ReportingDistrictCode,ReviewedDate,RoadwaySurfaceCode,SecondaryDirection,SecondaryDistance,SecondaryRoad,SecondaryUnitOfMeasure,SketchDesc,TrafficControlDeviceCode,CreatedDate,ModifiedDate,IsCountyRoad,IsFreeway,CHP555Version,IsAdditonalObjectStruck,NotificationDate,NotificationTimeDescription,HasDigitalMediaFiles,EvidenceNumber,IsLocationReferToNarrative,IsAOIOneSameAsLocation
2718677,220769054,2,False,3801,11/8/2022 4:00:00 PM,1600,3A42C,1227,3801,San Francisco,38,True,True,A,HEAD-ON,,Tuesday,,,,,False,False,False,,B,PEDESTRIAN,,1,0,CLEAR,,NO UNUSUAL CONDITIONS - NO UNUSUAL CONDITIONS,,,A,DAYLIGHT,,,,,,,B,CROSSING IN CROSS WALK AT INTERSECTION,,A,21950A,,1,UNION ST,CENTR,,,A,,,STOCKTON ST,,,A,7/26/2024 8:39:41 AM,1/29/2025 9:30:42 AM,,,2,,,,,,,
2718676,220817697,2,False,3801,11/28/2022 12:46:00 PM,1246,3B12A,1227,3801,San Francisco,38,True,True,G,VEHICLE/PEDESTRAIN,,Monday,,,,,False,False,False,,B,PEDESTRIAN,,1,0,CLEAR,,NO UNUSUAL CONDITIONS - NO UNUSUAL CONDITIONS,,,A,DAYLIGHT,,,,,,,D,CROSSING - NOT IN CROSSWALK,,A,21955,,1,FOLSOM ST 944,SOUTH,,,A,,,FOLSOM ST,,,D,7/26/2024 8:39:41 AM,1/29/2025 9:30:42 AM,,,2,,,,,,,
2718675,220795504,2,False,3801,11/18/2022 8:16:00 PM,2016,,1227,3801,San Francisco,38,True,True,G,VEHICLE/PEDESTRAIN,,Friday,,,F,,False,False,True,,B,PEDESTRIAN,,1,0,CLEAR,,NO UNUSUAL CONDITIONS - NO UNUSUAL CONDITIONS,,,C,DARK-STREET LIGHTS,,,,,,,D,CROSSING - NOT IN CROSSWALK,,A,22106,,1,7TH ST,TENDE,,,A,,,STEVENSON ST,,,D,7/26/2024 8:39:41 AM,1/29/2025 9:30:42 AM,,,2,,,,,,,
2718656,220847945,2,False,3801,12/11/2022 11:08:00 AM,1108,D4,1227,3801,San Francisco,38,True,True,G,VEHICLE/PEDESTRAIN,,Sunday,,,,,False,False,False,,B,PEDESTRIAN,,1,0,CLOUDY,,NO UNUSUAL CONDITIONS - NO UNUSUAL CONDITIONS,,,A,DAYLIGHT,,,,,,,B,CROSSING IN CROSS WALK AT INTERSECTION,,A,21950A,,1,FOLSOM ST,MISSI,,,A,,,13TH ST,,,A,7/26/2024 8:39:39 AM,1/29/2025 9:30:42 AM,,,2,,,,,,,
2718653,220831233,2,False,3801,12/3/2022 10:38:00 PM,2238,3A2E,1227,3801,San Francisco,38,True,True,G,VEHICLE/PEDESTRAIN,,Saturday,,,,,False,False,False,,B,PEDESTRIAN,,1,0,RAINING,,NO UNUSUAL CONDITIONS - NO UNUSUAL CONDITIONS,,,C,DARK-STREET LIGHTS,,,,,,,B,CROSSING IN CROSS WALK AT INTERSECTION,,A,22107,,1,PINE ST,CENTR,,,B,,,TAYLOR ST,,,A,7/26/2024 8:39:39 AM,1/29/2025 9:30:42 AM,,,2,,,,,,,
2718647,220872425,2,False,3801,12/21/2022 12:19:00 PM,1219,3A11C,1227,3801,San Francisco,38,True,True,G,VEHICLE/PEDESTRAIN,,Wednesday,,,F,,False,False,False,,B,PEDESTRIAN,,1,0,CLEAR,,NO UNUSUAL CONDITIONS - NO UNUSUAL CONDITIONS,,,A,DAYLIGHT,,,,,,,B,CROSSING IN CROSS WALK AT INTERSECTION,,A,21950A,,1,BAY ST,CENTR,,,A,,,MASON ST,,,A,7/26/2024 8:39:38 AM,1/29/2025 9:30:42 AM,,,2,,,,,,,
2718646,220872760,2,False,3801,12/21/2022 2:19:00 PM,1419,3A11C,1227,3801,San Francisco,38,True,True,G,VEHICLE/PEDESTRAIN,,Wednesday,,,,,False,False,False,,B,PEDESTRIAN,,1,0,CLEAR,,NO UNUSUAL CONDITIONS - NO UNUSUAL CONDITIONS,,,A,DAYLIGHT,,,,,,,B,CROSSING IN CROSS WALK AT INTERSECTION,,A,21950A,,1,POWELL ST,CENTR,,,A,,,PACIFIC AV,,,A,7/26/2024 8:39:38 AM,1/29/2025 9:30:42 AM,,,2,,,,,,,
2718645,220861622,2,False,3801,12/16/2022 6:05:00 PM,1805,2CAR,1227,3801,San Francisco,38,True,True,G,VEHICLE/PEDESTRAIN,,Friday,,,,,False,False,False,,B,PEDESTRIAN,,1,0,CLEAR,,NO UNUSUAL CONDITIONS - NO UNUSUAL CONDITIONS,,,C,DARK-STREET LIGHTS,,,,,,,B,CROSSING IN CROSS WALK AT INTERSECTION,,A,22107,,1,NORIEGA ST,TARAV,,,A,,,21ST AV,,,A,7/26/2024 8:39:38 AM,1/29/2025 9:30:42 AM,,,2,,,,,,,
2718644,220869347,2,False,3801,12/20/2022 8:50:00 AM,0850,3I16A,1227,3801,San Francisco,38,True,True,G,VEHICLE/PEDESTRAIN,,Tuesday,,,,,False,False,False,,B,PEDESTRIAN,,1,0,CLEAR,,NO UNUSUAL CONDITIONS - NO UNUSUAL CONDITIONS,,,A,DAYLIGHT,,,,,,,D,CROSSING - NOT IN CROSSWALK,,A,21950A,,1,RANDOLPH ST,TARAV,,,A,E,6,VERNON ST,F,,A,7/26/2024 8:39:38 AM,1/29/2025 9:30:42 AM,,,2,,,,,,,
2718642,220859809,2,False,3801,12/15/2022 11:16:00 PM,2316,3H13E,1227,3801,San Francisco,38,True,True,G,VEHICLE/PEDESTRAIN,,Thursday,,,F,,False,False,False,,B,PEDESTRIAN,,1,0,CLEAR,,NO UNUSUAL CONDITIONS - NO UNUSUAL CONDITIONS,,,D,DARK-NO STREET LIGHTS,,,,,,,E,IN ROAD - INCLUDES SHOULDER,,A,21954A,,1,FORESTER ST,INGLE,,,A,,,TERESITA BL,,,A,7/26/2024 8:39:38 AM,1/29/2025 9:30:42 AM,,,2,,,,,,,
2718630,220743539,2,False,3801,10/31/2022 1:45:00 PM,1345,4B1F,1227,3801,San Francisco,38,True,True,G,VEHICLE/PEDESTRAIN,,Monday,,,F,,False,False,False,,B,PEDESTRIAN,,1,0,CLEAR,,NO UNUSUAL CONDITIONS - NO UNUSUAL CONDITIONS,,,A,DAYLIGHT,,,,,,,F,NOT IN ROAD,,A,21235G,,1,STOCKTON ST,TRAFF,,,A,N,276,SUTTER ST,F,,,7/26/2024 8:39:37 AM,1/29/2025 9:30:42 AM,,,2,,,,,,,
2718629,220862642,2,False,3801,12/17/2022 8:58:00 AM,0858,3H11A,1227,3801,San Francisco,38,True,True,G,VEHICLE/PEDESTRAIN,,Saturday,,,,,False,False,False,,B,PEDESTRIAN,,1,0,CLEAR,,NO UNUSUAL CONDITIONS - NO UNUSUAL CONDITIONS,,,A,DAYLIGHT,,,,,,,B,CROSSING IN CROSS WALK AT INTERSECTION,,A,21950A,,1,MISSION ST,INGLE,,,A,,,PRECITA AV,,,A,7/26/2024 8:39:37 AM,1/29/2025 9:30:42 AM,,,2,,,,,,,
2718628,220679895,2,False,3801,10/4/2022 9:52:00 AM,0952,4B2C,1227,3801,San Francisco,38,True,True,E,HIT OBJECT,,Tuesday,,,,,False,False,True,,I,FIXED OBJECT,,1,0,CLOUDY,,NO UNUSUAL CONDITIONS - NO UNUSUAL CONDITIONS,,,A,DAYLIGHT,,,,,,,,,,A,23153F,,1,STANYAN ST,TRAFF,,,A,,,CARL ST,,,A,7/26/2024 8:39:37 AM,1/29/2025 9:30:42 AM,,,2,,,,,,,
2718627,220727892,2,False,3801,10/22/2022 6:23:00 PM,1823,A2,1227,3801,San Francisco,38,True,True,G,VEHICLE/PEDESTRAIN,,Saturday,,,,,False,False,False,,B,PEDESTRIAN,,1,0,CLEAR,,NO UNUSUAL CONDITIONS - NO UNUSUAL CONDITIONS,,,C,DARK-STREET LIGHTS,,,,,,,B,CROSSING IN CROSS WALK AT INTERSECTION,,D,,,,BUSH ST,CENTR,,,A,,,KEARNY ST,,,A,7/26/2024 8:39:37 AM,1/29/2025 9:30:42 AM,,,2,,,,,,,
2718605,220830229,2,False,3801,12/3/2022 12:50:00 PM,1250,,1227,3801,San Francisco,38,True,True,G,VEHICLE/PEDESTRAIN,,Saturday,,,,,False,False,False,,B,PEDESTRIAN,,1,0,CLOUDY,RAINING,,,,A,DAYLIGHT,,,,,,,B,CROSSING IN CROSS WALK AT INTERSECTION,,A,22350,,1,FULTON ST,RICHM,,,B,,,FUNSTON AV,,,,7/26/2024 8:39:35 AM,1/29/2025 9:30:42 AM,,,2,,,,,,,
2718603,220828735,2,False,3801,12/2/2022 5:10:00 PM,1710,3G13D,1227,3801,San Francisco,38,True,True,G,VEHICLE/PEDESTRAIN,,Friday,,,,,False,False,False,,B,PEDESTRIAN,,1,0,CLEAR,,NO UNUSUAL CONDITIONS - NO UNUSUAL CONDITIONS,,,C,DARK-STREET LIGHTS,,,,,,,E,IN ROAD - INCLUDES SHOULDER,,A,21954A,,1,GEARY ST,RICHM,,,A,,,GEARY ST 4649,,,A,7/26/2024 8:39:35 AM,1/29/2025 9:30:41 AM,,,2,,,,,,,
2718599,220831324,2,False,3801,12/4/2022 12:14:00 AM,0014,3H13E,1227,3801,San Francisco,38,True,True,G,VEHICLE/PEDESTRAIN,,Sunday,,,F,,False,False,False,,B,PEDESTRIAN,,1,0,RAINING,,NO UNUSUAL CONDITIONS - NO UNUSUAL CONDITIONS,,,C,DARK-STREET LIGHTS,,,,,,,D,CROSSING - NOT IN CROSSWALK,,A,21954A,,1,MISSION ST,INGLE,,,B,S,50,SANTA ROSA AV,F,,D,7/26/2024 8:39:35 AM,1/29/2025 9:30:41 AM,,,2,,,,,,,
2718598,`220830376,2,False,3801,12/3/2022 2:34:00 PM,1434,3I5B,1227,3801,San Francisco,38,True,True,G,VEHICLE/PEDESTRAIN,,Saturday,,,F,,False,False,False,,B,PEDESTRIAN,,1,0,CLOUDY,RAINING,NO UNUSUAL CONDITIONS - NO UNUSUAL CONDITIONS,,,A,DAYLIGHT,,,,,,,E,IN ROAD - INCLUDES SHOULDER,,A,22350,,1,23RD AV,TARAV,,,B,N,85,ULLOA ST,F,,D,7/26/2024 8:39:35 AM,1/29/2025 9:30:41 AM,,,2,,,,,,,
2718597,220842973,2,False,3801,12/8/2022 8:34:00 PM,2034,3E15D,1227,3801,San Francisco,38,True,True,G,VEHICLE/PEDESTRAIN,,Thursday,,,,,False,False,False,,B,PEDESTRIAN,,1,0,RAINING,,NO UNUSUAL CONDITIONS - NO UNUSUAL CONDITIONS,,,C,DARK-STREET LIGHTS,,,,,,,B,CROSSING IN CROSS WALK AT INTERSECTION,,A,21950A,,1,PIERCE ST,NORTH,,,B,,,LOMBARD ST,,,A,7/26/2024 8:39:35 AM,1/29/2025 9:30:41 AM,,,2,,,,,,,
2718596,220848802,2,False,3801,12/11/2022 7:18:00 PM,1918,,1227,3801,San Francisco,38,True,True,G,VEHICLE/PEDESTRAIN,,Sunday,,,,,False,False,False,,B,PEDESTRIAN,,1,0,CLOUDY,,NO UNUSUAL CONDITIONS - NO UNUSUAL CONDITIONS,,,C,DARK-STREET LIGHTS,,,,,,,B,CROSSING IN CROSS WALK AT INTERSECTION,,A,21950A,,1,SILVER AV,BAYVI,,,B,,,MERRILL ST,,,A,7/26/2024 8:39:35 AM,1/29/2025 9:30:41 AM,,,2,,,,,,,
2718595,220847111,2,False,3801,12/7/2022 8:08:00 PM,2008,3B2,1227,3801,San Francisco,38,True,True,G,VEHICLE/PEDESTRAIN,,Wednesday,,,,,False,False,False,,B,PEDESTRIAN,,1,0,RAINING,,NO UNUSUAL CONDITIONS - NO UNUSUAL CONDITIONS,,,C,DARK-STREET LIGHTS,,,,,,,B,CROSSING IN CROSS WALK AT INTERSECTION,,A,21950A,,1,3RD ST,SOUTH,,,B,,,MISSION ST,,,A,7/26/2024 8:39:35 AM,1/29/2025 9:30:41 AM,,,2,,,,,,,
2718591,220833922,2,False,3801,12/5/2022 9:35:00 AM,0935,,1227,3801,San Francisco,38,True,True,A,HEAD-ON,,Monday,,,F,,False,False,False,,B,PEDESTRIAN,,2,0,CLEAR,,NO UNUSUAL CONDITIONS - NO UNUSUAL CONDITIONS,,,A,DAYLIGHT,,,,,,,B,CROSSING IN CROSS WALK AT INTERSECTION,,A,21950A,,1,LAGUNA ST,NORTH,,,A,,,ELLIS ST,,,A,7/26/2024 8:39:34 AM,1/29/2025 9:30:41 AM,,,2,,,,,,,
2718590,220835865,2,False,3801,12/5/2022 11:08:00 PM,2308,3H15E,1227,3801,San Francisco,38,True,True,G,VEHICLE/PEDESTRAIN,,Monday,,,,,False,False,False,,B,PEDESTRIAN,,1,0,RAINING,,NO UNUSUAL CONDITIONS - NO UNUSUAL CONDITIONS,,,C,DARK-STREET LIGHTS,,,,,,,B,CROSSING IN CROSS WALK AT INTERSECTION,,A,21950A,,1,S HILL BL,INGLE,,,B,,,PRAGUE ST,,,A,7/26/2024 8:39:34 AM,1/29/2025 9:30:41 AM,,,2,,,,,,,
2718589,220839118,2,False,3801,12/7/2022 12:17:00 PM,1217,2,1227,3801,San Francisco,38,True,True,,,,Wednesday,,,,,False,False,False,,B,PEDESTRIAN,,1,0,CLEAR,,NO UNUSUAL CONDITIONS - NO UNUSUAL CONDITIONS,,,A,DAYLIGHT,,,,,,,B,CROSSING IN CROSS WALK AT INTERSECTION,,A,21950A,,1,DIVISADERO ST,NORTH,,,A,,,GEARY BL,,,A,7/26/2024 8:39:34 AM,1/29/2025 9:30:41 AM,,,2,,,,,,,
2718585,220840723,2,False,3801,12/7/2022 10:30:00 PM,2230,B5,1227,3801,San Francisco,38,True,True,G,VEHICLE/PEDESTRAIN,,Wednesday,,,,,False,False,False,,B,PEDESTRIAN,,1,0,CLEAR,,NO UNUSUAL CONDITIONS - NO UNUSUAL CONDITIONS,,,C,DARK-STREET LIGHTS,,,,,,,B,CROSSING IN CROSS WALK AT INTERSECTION,,D,,,,CONNECTICUT ST,SOUTH,,,A,,,17TH ST,,,A,7/26/2024 8:39:34 AM,1/29/2025 9:30:41 AM,,,2,,,,,,,
2718581,220832617,2,False,3801,12/4/2022 4:08:00 PM,1608,E1,1227,3801,San Francisco,38,True,True,G,VEHICLE/PEDESTRAIN,,Sunday,,,F,,False,False,False,,B,PEDESTRIAN,,1,0,CLOUDY,,NO UNUSUAL CONDITIONS - NO UNUSUAL CONDITIONS,,,A,DAYLIGHT,,,,,,,B,CROSSING IN CROSS WALK AT INTERSECTION,,A,21950,,1,OAK ST,NORTH,,,B,,,BUCHANAN ST,,,A,7/26/2024 8:39:34 AM,1/29/2025 9:30:41 AM,,,2,,,,,,,
2718577,220856344,2,False,3801,12/14/2022 4:00:00 PM,1600,3E13D,1227,3801,San Francisco,38,True,True,G,VEHICLE/PEDESTRAIN,,Wednesday,,,F,,False,False,False,,B,PEDESTRIAN,,1,0,CLEAR,,NO UNUSUAL CONDITIONS - NO UNUSUAL CONDITIONS,,,A,DAYLIGHT,,,,,,,F,NOT IN ROAD,,A,21804,,1,MYRTLE ST,NORTH,,,A,W,125,LARKIN ST,F,,D,7/26/2024 8:39:33 AM,1/29/2025 9:30:41 AM,,,2,,,,,,,
2718573,220843357,2,False,3801,12/9/2022 6:30:00 AM,0630,3H15A,1227,3801,San Francisco,38,True,True,G,VEHICLE/PEDESTRAIN,,Friday,,,F,,False,False,False,,B,PEDESTRIAN,,1,0,CLEAR,,NO UNUSUAL CONDITIONS - NO UNUSUAL CONDITIONS,,,C,DARK-STREET LIGHTS,,,,,,,B,CROSSING IN CROSS WALK AT INTERSECTION,,A,21950A,,1,MISSION ST,INGLE,,,A,S,6,CESAR CHAVEZ ST,F,,A,7/26/2024 8:39:33 AM,1/29/2025 9:30:41 AM,,,2,,,,,,,
2718572,220847246,2,False,3801,12/10/2022 8:40:00 PM,2040,E5,1227,3801,San Francisco,38,True,True,G,VEHICLE/PEDESTRAIN,,Saturday,,,,,False,False,False,,B,PEDESTRIAN,,2,0,RAINING,,NO UNUSUAL CONDITIONS - NO UNUSUAL CONDITIONS,,,C,DARK-STREET LIGHTS,,,,,,,B,CROSSING IN CROSS WALK AT INTERSECTION,,A,21950A,,1,FILBERT ST,NORTH,,,B,,,GOUGH ST,,,A,7/26/2024 8:39:33 AM,1/29/2025 9:30:41 AM,,,2,,,,,,,
2718570,220844838,2,False,3801,12/9/2022 5:38:00 PM,1738,,1227,3801,San Francisco,38,True,True,G,VEHICLE/PEDESTRAIN,,Friday,,,,,False,False,False,,B,PEDESTRIAN,,1,0,CLEAR,,NO UNUSUAL CONDITIONS - NO UNUSUAL CONDITIONS,,,C,DARK-STREET LIGHTS,,,,,,,D,CROSSING - NOT IN CROSSWALK,,A,21954A,,1,7TH ST,SOUTH,,,A,S,200,HOWARD ST,F,,D,7/26/2024 8:39:33 AM,1/29/2025 9:30:41 AM,,,2,,,,,,,
2718549,220889680,2,False,3801,12/28/2022 9:22:00 PM,2122,3A11E,1227,3801,San Francisco,38,True,True,D,BROADSIDE,,Wednesday,,,,,False,False,False,,B,PEDESTRIAN,,1,0,CLOUDY,,NO UNUSUAL CONDITIONS - NO UNUSUAL CONDITIONS,,,C,DARK-STREET LIGHTS,,,,,,,B,CROSSING IN CROSS WALK AT INTERSECTION,,D,,,,LARKIN ST,CENTR,,,A,,,SUTTER ST,,,A,7/26/2024 8:39:31 AM,1/29/2025 9:30:41 AM,,,2,,,,,,,
2718544,220872776,2,False,3801,12/21/2022 2:39:00 PM,1439,3D15C,1227,3801,San Francisco,38,True,True,A,HEAD-ON,,Wednesday,,,,,False,False,False,,B,PEDESTRIAN,,1,0,CLEAR,,NO UNUSUAL CONDITIONS - NO UNUSUAL CONDITIONS,,,A,DAYLIGHT,,,,,,,D,CROSSING - NOT IN CROSSWALK,,A,21955,,1,POTRERO AV,MISSI,,,A,N,64,17TH ST,F,,D,7/26/2024 8:39:31 AM,1/29/2025 9:30:41 AM,,,2,,,,,,,
2718540,220882640,2,False,3801,12/26/2022 8:13:00 AM,0813,3D14A,1227,3801,San Francisco,38,True,True,G,VEHICLE/PEDESTRAIN,,Monday,,,,,False,False,True,,B,PEDESTRIAN,,2,0,CLOUDY,,NO UNUSUAL CONDITIONS - NO UNUSUAL CONDITIONS,,,A,DAYLIGHT,,,,,,,B,CROSSING IN CROSS WALK AT INTERSECTION,,A,21453D,,1,S VAN NESS AV,MISSI,,,A,N,37,24TH ST,F,,A,7/26/2024 8:39:31 AM,1/29/2025 9:30:41 AM,,,2,,,,,,,
2718534,220863662,2,False,3801,12/17/2022 4:13:00 PM,1613,3D114,1227,3801,San Francisco,38,True,True,G,VEHICLE/PEDESTRAIN,,Saturday,,,F,,False,False,False,,B,PEDESTRIAN,,1,0,CLEAR,,NO UNUSUAL CONDITIONS - NO UNUSUAL CONDITIONS,,,A,DAYLIGHT,,,,,,,B,CROSSING IN CROSS WALK AT INTERSECTION,,A,21950A,,1,18TH ST,MISSI,,,A,,,S VAN NESS AV,,,A,7/26/2024 8:39:30 AM,1/29/2025 9:30:40 AM,,,2,,,,,,,
2718523,220891801,2,False,3801,12/29/2022 6:01:00 PM,1801,3E15D,1227,3801,San Francisco,38,True,True,G,VEHICLE/PEDESTRAIN,,Thursday,,,,,False,False,False,,B,PEDESTRIAN,,1,0,CLEAR,,NO UNUSUAL CONDITIONS - NO UNUSUAL CONDITIONS,,,C,DARK-STREET LIGHTS,,,,,,,B,CROSSING IN CROSS WALK AT INTERSECTION,,A,21950A,,1,DIVISADERO ST,NORTH,,,B,,,FRANCISCO ST,,,A,7/26/2024 8:39:30 AM,1/29/2025 9:30:40 AM,,,2,,,,,,,
2718519,220891572,2,False,3801,12/29/2022 4:54:00 PM,1654,3E4D,1227,3801,San Francisco,38,True,True,D,BROADSIDE,,Thursday,,,,,False,False,False,,B,PEDESTRIAN,,1,0,RAINING,,NO UNUSUAL CONDITIONS - NO UNUSUAL CONDITIONS,,,C,DARK-STREET LIGHTS,,,,,,,B,CROSSING IN CROSS WALK AT INTERSECTION,,A,21950A,,1,POLK ST,NORTH,,,B,,,MCALLISTER ST,,,D,7/26/2024 8:39:29 AM,1/29/2025 9:30:40 AM,,,2,,,,,,,
2718461,220659552,2,False,3801,9/26/2022 4:26:00 PM,1626,3F13D,1227,3801,San Francisco,38,True,True,,,,Monday,,,,,False,False,False,,B,PEDESTRIAN,,1,0,CLEAR,,NO UNUSUAL CONDITIONS - NO UNUSUAL CONDITIONS,,,A,DAYLIGHT,,,,,,,B,CROSSING IN CROSS WALK AT INTERSECTION,,A,21950A,,1,HAYES ST,PARK,,,A,,,BAKER ST,,,A,7/26/2024 8:39:25 AM,1/29/2025 9:30:40 AM,,,2,,,,,,,
2725663,220769496,2,False,3801,11/8/2022 6:24:00 PM,1824,3A15D,1227,3801,San Francisco,38,True,True,G,VEHICLE/PEDESTRAIN,,Tuesday,,,F,,False,False,False,,B,PEDESTRIAN,,1,0,RAINING,,NO UNUSUAL CONDITIONS - NO UNUSUAL CONDITIONS,,,C,DARK-STREET LIGHTS,,,,,,,B,CROSSING IN CROSS WALK AT INTERSECTION,,A,21950A,,1,PINE ST,CENTR,,,B,,,JONES ST,,,A,7/26/2024 8:47:13 AM,1/29/2025 9:32:38 AM,,,2,,,,,,,
2724726,220854229,2,False,3801,12/13/2022 9:21:00 PM,2121,E3,1227,3801,San Francisco,38,True,True,G,VEHICLE/PEDESTRAIN,,Tuesday,,,,,False,False,False,,B,PEDESTRIAN,,1,0,CLEAR,,NO UNUSUAL CONDITIONS - NO UNUSUAL CONDITIONS,,,C,DARK-STREET LIGHTS,,,,,,,B,CROSSING IN CROSS WALK AT INTERSECTION,,A,21950A,,1,FRANKLIN ST,NORTH,,,A,,,GROVE ST,,,A,7/26/2024 8:46:14 AM,1/29/2025 9:32:21 AM,,,2,,,,,,,
2724200,220679895,2,False,3801,10/4/2022 7:52:00 PM,1952,4B2C,1227,3801,San Francisco,38,True,True,E,HIT OBJECT,,Tuesday,,,,,False,False,True,,I,FIXED OBJECT,,1,0,CLOUDY,,NO UNUSUAL CONDITIONS - NO UNUSUAL CONDITIONS,,,A,DAYLIGHT,,,,,,,,,,A,23153F,,1,STANYAN ST,TRAFF,,,A,,,CARL ST,,,A,7/26/2024 8:45:40 AM,1/29/2025 9:32:12 AM,,,2,,,,,,,
2723064,220276601,2,False,3801,4/28/2022 8:37:00 AM,0837,3D13A,1227,3801,San Francisco,38,True,True,C,REAR END,,Thursday,,,,,False,False,False,,B,PEDESTRIAN,,1,0,CLEAR,,NO UNUSUAL CONDITIONS - NO UNUSUAL CONDITIONS,,,A,DAYLIGHT,,,,,,,B,CROSSING IN CROSS WALK AT INTERSECTION,,A,22450A,,1,22ND ST,MISSI,,,A,,,CAPP ST,,,,7/26/2024 8:44:19 AM,1/29/2025 9:31:51 AM,,,2,,,,,,,
2722236,220824476,2,False,3801,12/1/2022 6:58:00 AM,0658,5CAR,1227,3801,San Francisco,38,True,True,G,VEHICLE/PEDESTRAIN,,Thursday,,,,,False,True,False,,B,PEDESTRIAN,,1,0,CLOUDY,RAINING,NO UNUSUAL CONDITIONS - NO UNUSUAL CONDITIONS,,,B,DUSK-DAWN,,,,,,,D,CROSSING - NOT IN CROSSWALK,,A,21453D,,1,19TH AV,TARAV,,,B,,,WINSTON DR,,,A,7/26/2024 8:43:27 AM,1/29/2025 9:31:37 AM,,,2,,,,,,,
2722100,220809569,2,False,3801,11/24/2022 2:27:00 PM,1427,3E14A,1227,3801,San Francisco,38,True,True,G,VEHICLE/PEDESTRAIN,,Thursday,,,,,False,False,False,,B,PEDESTRIAN,,2,0,CLEAR,,NO UNUSUAL CONDITIONS - NO UNUSUAL CONDITIONS,,,A,DAYLIGHT,,,,,,,B,CROSSING IN CROSS WALK AT INTERSECTION,,A,21950A,,1,POST ST,NORTH,,,A,,,WEBSTER ST,,,A,7/26/2024 8:43:19 AM,1/29/2025 9:31:36 AM,,,2,,,,,,,
2722070,220895104,2,False,3801,12/31/2022 4:49:00 AM,0449,901,1227,3801,San Francisco,38,True,True,G,VEHICLE/PEDESTRAIN,,Saturday,,,,,False,False,False,,B,PEDESTRIAN,,1,0,RAINING,,NO UNUSUAL CONDITIONS - NO UNUSUAL CONDITIONS,,,C,DARK-STREET LIGHTS,,,,,,,D,CROSSING - NOT IN CROSSWALK,,A,21954A,,1,LARKIN ST,TENDE,,,B,S,10,GOLDEN GATE AV,F,,A,7/26/2024 8:43:17 AM,1/29/2025 9:31:35 AM,,,2,,,,,,,
2722065,220830821,2,False,3801,12/3/2022 6:22:00 PM,1822,2F14D,1227,3801,San Francisco,38,True,True,G,VEHICLE/PEDESTRAIN,,Saturday,,,F,,False,False,False,,B,PEDESTRIAN,,1,0,RAINING,,NO UNUSUAL CONDITIONS - NO UNUSUAL CONDITIONS,,,C,DARK-STREET LIGHTS,,,,,,,B,CROSSING IN CROSS WALK AT INTERSECTION,,A,21950A,,1,FREDERICK ST,PARK,,,B,,,CLAYTON ST,,,D,7/26/2024 8:43:16 AM,1/29/2025 9:31:35 AM,,,2,,,,,,,